ds,yhat,yhat_lower,yhat_upper,trend,yearly,weekly,monthly
2021-01-01,0.0,0.0,8.503717581121032,0.46210399999999996,4.169681491574543,-0.6979456426828832,-1.2648540451038814
2021-01-02,0.0,0.0,8.46613861418593,0.46166007044830737,4.6530318454079715,-1.4214168232085396,-2.1868433151930677
2021-01-03,4.0385487595811504,0.0,12.552485066556953,0.46121614089661483,5.103782636240305,1.13549309537471,-2.6619431129304796
2021-01-04,2.662943526309146,0.0,11.13845549466441,0.4607722113449222,5.5115718445864745,-0.7455036023672116,-2.5638969272550396
2021-01-05,6.747572620011005,0.0,15.376557635350121,0.4603282817932296,5.866604151229385,2.343938639555555,-1.923298452567164
2021-01-06,5.1097173355358505,0.0,14.077985509127076,0.45988435224153706,6.159905866085809,-0.5921923666756522,-0.9178805161158429
2021-01-07,7.0039003963558795,0.0,15.639244363329448,0.4594404226898444,6.383563137456736,-0.022373299997872735,0.1832701362071711
2021-01-08,7.394592604988033,0.0,16.181776842766332,0.4589964931381519,6.530936905358417,-0.6979456426805589,1.1026048491720237
2021-01-09,7.270194653713385,0.0,16.100396442447035,0.4585525635864593,6.596848646914591,-1.4214168232102335,1.6362102664225688
2021-01-10,9.879468787233714,1.238502728668893,18.760604292918128,0.45810863403476665,6.577731712326688,1.1354930953735638,1.7081353454986945
2021-01-11,7.564217093844344,0.0,16.841322493072415,0.4576647044830741,6.471743946247272,-0.7455036023696993,1.3803120454836975
2021-01-12,9.897348585797133,1.287294422664019,19.085495661727705,0.4572207749313815,6.278838307125133,2.3439386395581487,0.8173508641824706
2021-01-13,6.086559325902449,0.0,14.460487632338808,0.4567768453796889,6.000789308183747,-0.5921923666746431,0.22118553901365745
2021-01-14,5.835506651324515,0.0,14.554661776327121,0.45633291582799634,5.641174277695907,-0.0223733000104804,-0.23962724218890796
2021-01-15,4.48266036029775,0.0,12.751373837432345,0.4558889862763037,5.205309640699579,-0.6979456426782348,-0.48059262399989905
2021-01-16,3.218896455439356,0.0,12.757667974339808,0.45544505672461116,4.7001436261366365,-1.4214168232031477,-0.5152754042187444
2021-01-17,5.29415949307076,0.0,13.956008584546735,0.4550011271729186,4.1341079693373155,1.135493095375345,-0.43044269881481956
2021-01-18,2.8910061853023192,0.0,11.488687450911796,0.45455719762122593,3.516932277761419,-0.7455036023683451,-0.33497968771198045
2021-01-19,5.3527254694176785,0.0,13.635231096122187,0.4541132684229716,2.859425727642481,2.3439386395572566,-0.30475216620502993
2021-01-20,1.688328853036048,0.0,10.244285554629272,0.45366933922471725,2.173231633071259,-0.5921923666736337,-0.34637975258629483
2021-01-21,1.506667710556348,0.0,10.550989251283447,0.45322541002646294,1.4705611532474765,-0.022373300003414656,-0.39474555271417755
2021-01-22,0.17354424683098785,0.0,9.152391698105651,0.4527814808282086,0.7639129581687187,-0.6979456426757584,-0.34520454949018103
2021-01-23,0.0,0.0,7.075723097609736,0.4523375516299542,0.06578604278414513,-1.421416823196062,-0.10722516856079382
2021-01-24,1.3186759885410124,0.0,9.814380313003577,0.45189362243169984,-0.6116069450619336,1.1354930953716367,0.34289621579960927
2021-01-25,0.0,0.0,7.866318534091533,0.4514496932334455,-1.2566185217212558,-0.7455036023692138,0.9330089297800573
2021-01-26,0.0,0.0,8.118749552496114,0.45100576403519116,-1.8584302107299715,2.3439386395563644,1.503964082027516
2021-01-27,0.0,0.0,8.63714972294568,0.45056183483693685,-2.4072947064951404,-0.5921923666689134,1.856148232769925
2021-01-28,0.0,0.0,8.313309386673629,0.4501179056386825,-2.894750247101404,-0.022373300006185662,1.8186487621577245
2021-01-29,0.0,0.0,7.756243172956942,0.44967397644042817,-3.313801841417686,-0.6979456426837656,1.3163627621004967
2021-01-30,0.0,0.0,8.455927906895038,0.44923004724217386,-3.659064894280807,-1.4214168231977562,0.4096968408389839
2021-01-31,0.0,0.0,8.311757253064746,0.44878611804391944,-3.926867788764643,1.1354930953734177,-0.7096973398104263
2021-02-01,0.0,0.0,8.384978449792298,0.44834218884566507,-4.115311088253283,-0.7455036023678597,-1.768477662654047
2021-02-02,0.0,0.0,8.753689055258048,0.44789825964741076,-4.2242821824743775,2.3439386395560153,-2.4915816034017197
2021-02-03,0.0,0.0,8.76815941834693,0.4474543304491565,-4.2554253888103775,-0.5921923666679043,-2.6864654337098814
2021-02-04,0.0,0.0,8.373559240565854,0.447010401608764,-4.212068700260904,-0.022373299999119915,-2.3032962092458074
2021-02-05,0.0,0.0,7.964792226361678,0.44656647276837147,-4.099109512124363,-0.69794564267111,-1.4506125770568652
2021-02-06,0.0,0.0,8.339263022061536,0.44612254392797895,-3.922862729616555,-1.421416823218687,-0.36108491975429924
2021-02-07,0.0,0.0,7.687864471230357,0.44567861508758644,-3.690875629227444,1.1354930953722717,0.6809630416809851
2021-02-08,0.0,0.0,8.025855162147742,0.445234686247194,-3.411714691600145,-0.745503602367617,1.4257230000000047
2021-02-09,0.0,0.0,8.389909204247838,0.44479075740680146,-3.0947303205446035,2.3439386395586093,1.7290297788948634
2021-02-10,0.0,0.0,8.117604655635683,0.44434682856640895,-2.749805893322653,-0.5921923666742885,1.5856373808369228
2021-02-11,0.0,0.0,8.27284499710967,0.44390289972601654,-2.387097938047637,-0.022373300001890833,1.1156084578405576
2021-02-12,0.0,0.0,8.316634381308557,0.443458970885624,-2.0167743965993425,-0.6979456426791171,0.511355692685804
2021-02-13,0.0,0.0,7.897445726326707,0.4430150420452315,-1.648757902647957,-1.4214168232116016,-0.033756615060724984
2021-02-14,0.0,0.0,8.307935117981707,0.442571113204839,-1.2924807866569628,1.1354930953740527,-0.38892311452736933
2021-02-15,0.0,0.0,7.496989820975663,0.44212718436444653,-0.9566581205141117,-0.7455036023662628,-0.5194933582404104
2021-02-16,0.0,0.0,8.48809116976897,0.441683255524054,-0.6490845463091742,2.3439386395542305,-0.48082481682302564
2021-02-17,0.0,0.0,9.021819647317484,0.4412393266836615,-0.37645991392219796,-0.5921923666658854,-0.3779585348768994
2021-02-18,0.0,0.0,8.742841882344122,0.440795397843269,-0.14424790192244588,-0.02237330000173332,-0.30946211496967174
2021-02-19,0.0,0.0,9.264438396677717,0.44035146900287647,0.04342915956153763,-0.6979456426767929,-0.31919930634714916
2021-02-20,0.0,0.0,7.341029186978642,0.439907540162484,0.1838570790922209,-1.4214168232045157,-0.37590722108908636
2021-02-21,1.461828822811666,0.0,10.185305779086834,0.4394636114271948,0.27575710459718744,1.1354930953703446,-0.3888849885830605
2021-02-22,0.0,0.0,8.55354979693324,0.4390196826919057,0.31927373169131823,-0.7455036023660199,-0.2533212690518728
2021-02-23,3.191921346335916,0.0,12.113673456802859,0.43857575395661663,0.31592410368061574,2.343938639557368,0.09348284914131605
2021-02-24,0.7431957933184328,0.0,9.554692447027502,0.4381318252213275,0.26851113053092207,-0.59219236667227,0.6287452042384531
2021-02-25,1.8294809074989498,0.0,11.259077233230107,0.4376878964860384,0.18100342510699624,-0.022373300004504323,1.2331628859104196
2021-02-26,1.5173046441552607,0.0,10.0197569199544,0.43724396775074936,0.05838602718861198,-0.6979456426848001,1.7196202919006995
2021-02-27,0.8155717014077614,0.0,9.04743596383161,0.43680003901546016,-0.09351336431418357,-1.4214168232062099,1.8937018499126945
2021-02-28,2.9288227603781274,0.0,11.820042449245056,0.4363561102801711,-0.26821732267733306,1.1354930953776148,1.6251908773976746
2021-03-01,0.13589879208037353,0.0,8.617011428594655,0.4359121815448819,-0.4588050098199328,-0.7455036023685074,0.9042952227239318
2021-03-02,1.9818579705582253,0.0,10.15417514580924,0.43546825280959284,-0.6581258180335076,2.3439386395529893,-0.13942310377084888
2021-03-03,0.0,0.0,6.914643736183879,0.43502432407430375,-0.8590141703765029,-0.5921923666786545,-1.264854045104041
2021-03-04,0.0,0.0,5.860709921694302,0.4345803953390146,-1.0544993821996538,-0.022373299997438575,-2.186843315194319
2021-03-05,0.0,0.0,8.73056593797456,0.4341364666037255,-1.238004727176678,-0.6979456426719924,-2.6619431129300035
2021-03-06,0.0,0.0,7.841467626605283,0.43369253786843637,-1.4035302550528361,-1.4214168232008013,-2.563896927254961
2021-03-07,0.0,0.0,8.758107503491374,0.4332486091331473,-1.5458144618128562,1.1354930953739069,-1.9232984525683492
2021-03-08,0.0,0.0,8.183452550098494,0.4328046803978582,-1.660470598434015,-0.7455036023682647,-0.9178805161156874
2021-03-09,0.0,0.0,8.475378055498906,0.43236075218463677,-1.7440942007565159,2.3439386395555832,0.18327013620868612
2021-03-10,0.0,0.0,7.6700980332063455,0.4319168239714154,-1.794339306070428,-0.5921923666776452,1.10260484917196
2021-03-11,0.23534809666918166,0.0,8.967611253025305,0.4314728957581939,-1.8099617655013296,-0.022373300010046244,1.636210266422364
2021-03-12,0.0,0.0,8.71093692397204,0.43102896754497255,-1.7908290372378886,-0.6979456426696683,1.7081353454984012
2021-03-13,0.0,0.0,7.595549455914591,0.43058503933175113,-1.7378968256677867,-1.4214168232112752,1.3803120454849596
2021-03-14,0.7298311834607336,0.0,9.377151028202244,0.43014111111852976,-1.6531538872115141,1.1354930953701985,0.8173508641835195
2021-03-15,0.0,0.0,6.655959676191943,0.42969718290530834,-1.5395372277741377,-0.7455036023669105,0.2211855390136599
2021-03-16,1.1327439083795428,0.0,9.445899292004015,0.42925325469208697,-1.400820743679016,2.343938639554691,-0.23962724218821954
2021-03-17,0.0,0.0,6.931240639670698,0.4288093264788655,-1.2414810847580173,-0.5921923666803186,-0.4805926239983068
2021-03-18,0.0,0.0,7.773032514384987,0.42836539826564407,-1.0665451249125852,-0.02237330000298054,-0.5152754042183659
2021-03-19,0.0,0.0,7.218990817921318,0.4279214700524227,-0.8814238958654331,-0.6979456426673439,-0.43044269881452335
2021-03-20,0.0,0.0,6.730103672709849,0.4274775418392013,-0.6917381617921334,-1.4214168232041895,-0.33497968771239084
2021-03-21,0.7546335642266303,0.0,9.472201395296343,0.4270336136259799,-0.5031409785666123,1.1354930953719795,-0.3047521662047166
2021-03-22,0.0,0.0,7.570989256671165,0.42658968541275843,-0.32114258832825066,-0.7455036023705096,-0.34637975258537923
2021-03-23,2.224395994227617,0.0,11.407913495649026,0.42614575719953707,-0.15094284981270537,2.343938639553799,-0.39474555271301337
2021-03-24,0.0,0.0,8.454839829750249,0.42570182898631564,0.0027238965089874945,-0.5921923666719154,-0.3452045494905383
2021-03-25,0.43138650344371854,0.0,9.129863849895836,0.4252579007730942,0.13572707122755623,-0.022373299995914753,-0.10722516856101717
2021-03-26,0.31442186310592396,0.0,9.367990692539838,0.4248139728972049,0.24465731708448996,-0.6979456426753512,0.3428962157995803
2021-03-27,0.262882115638044,0.0,9.14891492267,0.42437004502131564,0.3269199640407547,-1.4214168232058835,0.9330089297818571
2021-03-28,3.4441853402984552,0.0,12.377936535269939,0.42392611714542633,0.380802045758347,1.1354930953653444,1.5039640820293374
2021-03-29,1.939638059500132,0.0,11.16346949244528,0.42348218926953707,0.40551123982952314,-0.7455036023691554,1.8561482327702272
2021-03-30,4.98681162996905,0.0,13.290136119495408,0.42303826139364775,0.4011859668652197,2.3439386395529067,1.818648762157275
2021-03-31,1.5156414873390112,0.0,9.752400454114346,0.4225943335177585,0.3688767583987095,-0.5921923666783001,1.3163627621008434
2021-04-01,1.1199738107939925,0.0,9.678465078434193,0.4221504056418692,0.31049986431187876,-0.02237329999868576,0.4096968408389304
2021-04-02,0.0,0.0,7.934164120325768,0.4217064777659799,0.22876489187995436,-0.6979456426728748,-0.7096973398119353
2021-04-03,0.0,0.0,7.549301862437143,0.42126254989009054,0.1270790264982894,-1.4214168232075777,-1.768477662654201
2021-04-04,0.0,0.0,7.869011236931849,0.4208186220142012,0.009431056968252577,1.1354930953726143,-2.4915816034018055
2021-04-05,0.0,0.0,6.019372669920155,0.42037469413831197,-0.11974100334655535,-0.745503602370024,-2.686465433709857
2021-04-06,0.20487873675332147,0.0,8.968800542641446,0.41993076626242265,-0.25569445981787964,2.3439386395555006,-2.303296209246722
2021-04-07,0.0,0.0,6.7042035272527185,0.4194868383865334,-0.3935340885463115,-0.5921923666772907,-1.4506125770567
2021-04-08,0.0,0.0,8.166864563739061,0.4190429105106441,-0.5283671654971391,-0.022373299998528155,-0.3610849197527892
2021-04-09,0.0,0.0,8.244097207165645,0.4185989826347548,-0.6554566094959767,-0.697945642680882,0.6809630416818093
2021-04-10,0.0,0.0,8.021260953966351,0.4181550547588655,-0.7703675876357894,-1.4214168232092719,1.4257229999998673
2021-04-11,2.4131308187859637,0.0,11.641078557750138,0.417711126829725,-0.8691031823072721,1.1354930953689064,1.7290297788946043
2021-04-12,0.3091758778755873,0.0,9.780975189957289,0.41726719890058445,-0.9482250994929466,-0.74550360236867,1.5856373808366193
2021-04-13,2.8714144727254856,0.0,11.36786838379668,0.4168232709714439,-1.0049558956428808,2.3439386395551516,1.1156084578417707
2021-04-14,0.0,0.0,7.612597141524832,0.4163793430423033,-1.037259799157276,-0.5921923666762813,0.5113556926859206
2021-04-15,0.0,0.0,7.844378072540799,0.41593541511316284,-1.0438998833544464,-0.02237330001113587,-0.03375661506064328
2021-04-16,0.0,0.0,6.843534215739405,0.41549148718402223,-1.0244700895320444,-0.6979456426682263,-0.38892311452800526
2021-04-17,0.0,0.0,6.020852554397006,0.4150475592548818,-0.9794013783777277,-1.4214168232021862,-0.5194933582400362
2021-04-18,0.1593298280361397,0.0,8.820559523219604,0.4146036313257412,-0.9099420818410917,1.1354930953732496,-0.4808248168217595
2021-04-19,0.0,0.0,7.247114784581616,0.41415970339660063,-0.8181133114910732,-0.7455036023673155,-0.3779585348757374
2021-04-20,1.741551270218422,0.0,10.584021531164892,0.41371577546746013,-0.706641029837203,2.343938639557746,-0.3094621149695812
2021-04-21,0.0,0.0,8.002171371655878,0.4132718475383196,-0.5788670857708148,-0.5921923666752723,-0.3191993063473525
2021-04-22,0.0,0.0,8.068632672890013,0.4128279196091791,-0.4386421336598197,-0.02237330000407012,-0.3759072210879924
2021-04-23,0.0,0.0,8.003737423554005,0.41238399168003853,-0.29020387974630235,-0.6979456426762336,-0.3888849885819417
2021-04-24,0.0,0.0,7.322163140822288,0.41194006375089803,-0.13804451428017553,-1.4214168232055575,-0.25332126905116625
2021-04-25,1.6537005986452127,0.0,10.496433099814567,0.4114961358217575,0.013228518312726964,1.1354930953695415,0.09348284914118665
2021-04-26,0.45332790361506015,0.0,9.852467255984449,0.411052207892617,0.15903409385137268,-0.7455036023681842,0.6287452042392551
2021-04-27,4.282666783071508,0.0,12.858962030897647,0.4106082799634765,0.2949569776440129,2.3439386395533672,1.2331628859106514
2021-04-28,0.0,0.0,8.115870696169685,0.41016435310433597,0.41688113903944735,-0.5921923666816566,1.7196202919010048
2021-04-29,0.0,0.0,8.559037837338384,0.40972042624519545,0.5211127904158018,-0.022373300003912522,1.8937018499129685
2021-04-30,0.0,0.0,8.303664639107422,0.4092764993860549,0.6044894789257284,-0.6979456426842408,1.625190877397835
2021-05-01,0.0,0.0,8.798132148992986,0.40883257252691435,0.6644720173762516,-1.4214168231984718,0.9042952227239452
2021-05-02,0.0,0.0,7.970782350772425,0.40838864566777383,0.6992165928442519,1.1354930953713225,-0.13942310377242007
2021-05-03,0.0,0.0,8.217060901831031,0.4079447188086333,0.7076250204691882,-0.7455036023668302,-1.264854045104201
2021-05-04,0.0,0.0,9.518745614966958,0.40750079194949274,0.6893717955880442,2.343938639555961,-2.186843315194447
2021-05-05,0.0,0.0,8.572926100145075,0.4070568650903522,0.6449073187184348,-0.5921923666695423,-2.661943112930036
2021-05-06,0.0,0.0,8.721866255275911,0.4066129382312117,0.5754374026034329,-0.022373299996846778,-2.563896927254882
2021-05-07,0.0,0.0,6.834259757588838,0.4061690113720711,0.48287989609925874,-0.6979456426715852,-1.923298452568195
2021-05-08,0.0,0.0,7.312680001937704,0.4057250845129307,0.3697999541232567,-1.4214168232089457,-0.9178805161158021
2021-05-09,1.9633705144012965,0.0,10.633295386655746,0.40528115765379014,0.23932612516681995,1.1354930953731035,0.18327013620758284
2021-05-10,0.8569884764299027,0.0,8.896263189927865,0.4048372307946496,0.09504999883304927,-0.7455036023693177,1.1026048491715217
2021-05-11,4.325454848433645,0.0,12.497000071467703,0.4043933039355091,-0.059087361482012365,2.3439386395585555,1.636210266421593
2021-05-12,1.3009737605178424,0.0,9.76224666324993,0.4039493770763685,-0.2189185953794094,-0.5921923666759268,1.7081353454968102
2021-05-13,1.3812652362790636,0.0,9.889429469139737,0.40350545021722795,-0.38017895942166907,-0.02237329999961778,1.3803120454831228
2021-05-14,0.0,0.0,8.901393083546605,0.40306152355082026,-0.5386369597663327,-0.6979456426795922,0.8173508641829093
2021-05-15,0.0,0.0,7.984691391360226,0.4026175968844126,-0.6902226631909606,-1.4214168232018598,0.2211855390136623
2021-05-16,0.4668897747388179,0.0,9.065380163425724,0.40217367021800493,-0.831149748665558,1.1354930953748843,-0.23962724218851322
2021-05-17,0.0,0.0,6.936238897747485,0.4017297435515972,-0.9580275844129229,-0.7455036023679634,-0.4805926239992192
2021-05-18,1.1619891013631165,0.0,9.631147535117146,0.40128581688518955,-1.0679599508567121,2.3439386395541764,-0.5152754042195377
2021-05-19,0.0,0.0,6.578448547656133,0.4008418902187819,-1.1586274670760663,-0.5921923666675238,-0.43044269881422714
2021-05-20,0.0,0.0,7.495366829077542,0.40039796355237417,-1.2283513032272657,-0.022373300002388782,-0.33497968771251385
2021-05-21,0.0,0.0,6.865914689160272,0.3999540368859664,-1.2761363573270998,-0.697945642677116,-0.3047521662048181
2021-05-22,0.0,0.0,5.981982643508037,0.3995101102195588,-1.3016927229828152,-1.421416823214011,-0.3463797525856676
2021-05-23,0.0,0.0,8.539085471471928,0.39906618355315104,-1.3054349549284767,1.1354930953711766,-0.39474555271494377
2021-05-24,0.0,0.0,6.36138362716235,0.3986222568867434,-1.2884593305024223,-0.745503602367721,-0.34520454949089574
2021-05-25,1.382391815163431,0.0,10.029245271606468,0.3981783302203357,-1.252499986053037,2.343938639556771,-0.10722516856063848
2021-05-26,0.0,0.0,7.970027903623668,0.3977344035539281,-1.1998654569533485,-0.5921923666701974,0.3428962158001545
2021-05-27,0.1745683583052068,0.0,8.593033442765215,0.39729047688752034,-1.1333577483591704,-0.0223733000051597,0.9330089297820168
2021-05-28,0.14668839638264553,0.0,8.168130362495333,0.3968465502211127,-1.056176593182963,-0.697945642685123,1.503964082029619
2021-05-29,0.0,0.0,9.193465190755752,0.39640262355470496,-0.9718119977221166,-1.4214168232069255,1.856148232770529
2021-05-30,2.4661720334738204,0.0,11.485682148100377,0.3959586968882973,-0.8839285209504228,1.1354930953784466,1.8186487621574998
2021-05-31,0.1701289601183183,0.0,9.116233135494456,0.39551477070793994,-0.7962449703230741,-0.745503602367478,1.3163627621009306
2021-06-01,2.436293006566229,0.0,11.06973398150479,0.39507084452758257,-0.7124133183553591,2.3439386395529356,0.4096968408410702
2021-06-02,0.0,0.0,8.17912838838939,0.3946269183472252,-0.6359006469690297,-0.5921923666691881,-0.7096973398105505
2021-06-03,70.4824542183744,61.95177596928666,79.40440448457709,0.39418299216686786,-0.5698778111400182,-0.022373299998093954,-1.7684776626543546
2021-06-04,0.8758735361108063,0.0,9.997759201046708,0.3937390659865105,-0.517118283790269,-0.697945642682799,-2.491581603402637
2021-06-05,0.7955425750945682,0.0,9.823677687929331,0.3932951398061531,-0.4799103078020917,-1.4214168231998396,-2.686465433709653
2021-06-06,0.7313390504537827,0.0,9.286791490786015,0.3928512136257957,-0.45998504929722694,1.1354930953718112,-2.303296209246598
2021-06-07,0.6506681753388295,0.0,9.53578436477623,0.39240728744543835,-0.4584629326839493,-0.7455036023672352,-1.4506125770554243
2021-06-08,1.8989973223764598,0.0,10.322028205702841,0.3919633612650811,-0.4758197586914854,2.3439386395555295,-0.3610849197526652
2021-06-09,0.0,0.0,8.278707045861887,0.3915194350847237,-0.5118735798801439,-0.5921923666755726,0.680963041681004
2021-06-10,1.2286325553782147,0.0,9.92781031669774,0.3910755089043663,-0.56579265351528,-0.02237330001070171,1.42572299999983
2021-06-11,0.785591589248124,0.0,10.106339338607869,0.39063158272400894,-0.6361241296907341,-0.6979456426804747,1.7290297788953235
2021-06-12,0.0,0.0,8.205496597597332,0.39018765654365156,-0.720842483694348,-1.4214168232103135,1.585637380836316
2021-06-13,1.8234291976566772,0.0,10.700625794557132,0.3897437303632942,-0.817416085921566,1.1354930953735922,1.115608457841357
2021-06-14,0.0,0.0,7.89693999161633,0.38929980418293686,-0.9228897392911072,-0.7455036023658813,0.5113556926849452
2021-06-15,1.6650573822394692,0.0,9.988921723993547,0.3888558780025795,-1.0339805202572272,2.3439386395546373,-0.03375661506052046
2021-06-16,0.0,0.0,7.2642747161506485,0.38841195182222216,-1.147183850462782,-0.5921923666819571,-0.38892311452681116
2021-06-17,0.0,0.0,7.086281672874156,0.3879680256480602,-1.2588864142438265,-0.022373300000707447,-0.5194933582411332
2021-06-18,0.0,0.0,5.928347966720338,0.38752409947389826,-1.365482332014931,-0.697945642667667,-0.4808248168228903
2021-06-19,0.0,0.0,5.5928760326335425,0.38708017329973626,-1.46348890724256,-1.4214168232032278,-0.37795853487695896
2021-06-20,0.0,0.0,8.861069539052137,0.38663624712557426,-1.5496582876877214,1.1354930953698845,-0.30946211496957265
2021-06-21,0.055377893059967376,0.0,8.597269186925484,0.3861923209514123,-1.6210815191771397,-0.7455036023667501,-0.3191993063475553
2021-06-22,0.0,0.0,9.290654136545262,0.38574839477725037,-1.675281717481185,2.343938639554288,-0.37590722108834257
2021-06-23,0.10477367996159698,0.0,8.562457295917072,0.38530446860308837,-1.7102934333856104,-0.5921923666735539,-0.38888498858232745
2021-06-24,0.05863024701576658,0.0,8.70782783859154,0.3848605424289264,-1.724725726358214,-0.022373300003478362,-0.2533212690514679
2021-06-25,0.0,0.0,8.816124135445609,0.3844166162547645,-1.7178069796629372,-0.6979456426756742,0.09348284914230034
2021-06-26,0.0,0.0,8.794915425408067,0.3839726900806025,-1.6894100680583182,-1.421416823204922,0.6287452042393255
2021-06-27,0.0,0.0,8.719447559722694,0.38352876390644053,-1.6400571101453993,1.135493095366176,1.2331628859108832
2021-06-28,0.0,0.0,8.415321345301253,0.3830848377322785,-1.570903681720593,-0.745503602368126,1.71962029190131
2021-06-29,3.1365783871667126,0.0,11.477904078474298,0.3826409115581166,-1.4837030138580425,2.343938639553396,1.8937018499132425
2021-06-30,0.034444166283151,0.0,8.918716843179611,0.38219698538395463,-1.3807513298188598,-0.5921923666799384,1.6251908773979946
2021-07-01,0.0,0.0,8.915033305512887,0.3817530592097927,-1.264816068471076,-0.02237329999641262,0.9042952227224729
2021-07-02,0.0,0.0,6.959953153198978,0.3813091330356307,-1.1390492802787775,-0.6979456426733499,-0.13942310377252784
2021-07-03,0.0,0.0,5.53714530127476,0.3808652076103973,-1.0068889482208019,-1.4214168232082933,-1.2648540451028256
2021-07-04,0.0,0.0,7.835956837338643,0.380421282185164,-0.8719513657177186,1.1354930953734463,-2.186843315193451
2021-07-05,0.0,0.0,8.212967753342388,0.37997735675993066,-0.7379179848587852,-0.7455036023689947,-2.6619431129297726
2021-07-06,1.2001128214040109,0.0,10.108936655971489,0.37953343133469736,-0.6084203222318739,2.34393863955599,-2.5638969272548033
2021-07-07,0.6282521157991026,0.0,9.207726112477856,0.37908950590946405,-0.4869265708656312,-0.5921923666789292,-1.9232984525658012
2021-07-08,1.6087582510320555,0.0,10.362086286837611,0.3786455804842307,-0.3766335133487255,-0.022373299989346875,-0.9178805161141024
2021-07-09,0.0,0.0,8.818881448780727,0.3782016550589974,-0.2803671646630635,-0.697945642681357,0.18327013620883398
2021-07-10,0.0,0.0,8.476155804938426,0.37775772963376403,-0.20049529873012836,-1.4214168232099873,1.1026048491714582
2021-07-11,3.0101625272768295,0.0,11.882882795165294,0.3773138042085307,-0.13885463872339332,1.1354930953697384,1.6362102664219538
2021-07-12,1.2428065926008305,0.0,9.587471101313417,0.37686987878329736,-0.09669502931264097,-0.7455036023676407,1.7081353454978145
2021-07-13,4.02603426473478,0.0,12.554339139713116,0.37642595335806406,-0.07464237366287263,2.343938639555098,1.3803120454844908
2021-07-14,0.5284589997192733,0.0,9.408560553476999,0.3759820279328307,-0.07268152572330686,-0.5921923666742088,0.8173508641839583
2021-07-15,0.4841906438294349,0.0,9.473248777852124,0.3755381025075974,-0.09015969768429288,-0.022373300008862815,0.22118553901499302
2021-07-16,0.0,0.0,7.94597681420199,0.37509417708236403,-0.1258102930605482,-0.6979456426687015,-0.23962724218831574
2021-07-17,0.0,0.0,6.927740917559501,0.37465025165713073,-0.177796427998546,-1.4214168232029016,-0.4805926239988795
2021-07-18,0.7506512399765797,0.0,9.76123474921557,0.3742063262318974,-0.2437727774092284,1.1354930953715192,-0.5152754042176088
2021-07-19,0.0,0.0,8.079670554227917,0.37376240080666406,-0.3209637980108346,-0.745503602370128,-0.43044269881393094
2021-07-20,1.976021571568844,0.0,10.379364032098962,0.37331847553979575,-0.4062558558162461,2.3439386395576918,-0.33497968771239695
2021-07-21,0.0,0.0,7.550901642329616,0.37287455027292743,-0.4963003375040757,-0.5921923666731996,-0.3047521662045046
2021-07-22,0.0,0.0,8.342247776931435,0.37243062500605917,-0.5876244678418172,-0.022373300011633734,-0.3463797525847522
2021-07-23,0.0,0.0,7.526530710605665,0.3719866997391909,-0.676746300243058,-0.6979456426767087,-0.3947455527153268
2021-07-24,0.0,0.0,6.001267915322651,0.3715427744723226,-0.7602902030412892,-1.4214168232045956,-0.3452045494912532
2021-07-25,0.5642676409812213,0.0,9.732088032618972,0.37109884920545433,-0.8350991350349635,1.1354930953703732,-0.10722516855964266
2021-07-26,0.0,0.0,8.19060618253522,0.37065492393858607,-0.8983400915868236,-0.7455036023698853,0.3428962158001257
2021-07-27,2.699559263179344,0.0,11.198709323149439,0.3702109986717178,-0.947599304826712,2.343938639553313,0.9330089297810249
2021-07-28,0.3005746963894366,0.0,8.979269385945763,0.3697670734048495,-0.9809640923641894,-0.5921923666795841,1.5039640820283602
2021-07-29,1.2060094217605655,0.0,9.577111841379294,0.3693231481379812,-0.99708865914232,-0.022373300004567987,1.8561482327694727
2021-07-30,0.4943406881401501,0.0,8.925759365708446,0.3688792228711129,-0.9952416542151293,-0.6979456426742324,1.818648762158399
2021-07-31,0.0,0.0,7.926522362316973,0.36843529760424465,-0.9753338532087277,-1.42141682319751,1.3163627620993494
2021-08-01,0.9752563480805708,0.0,9.440061230088117,0.36799137233737633,-0.9379249604688799,1.1354930953721543,0.4096968408399199
2021-08-02,0.0,0.0,6.369012705444312,0.3675474470705081,-0.8842091833382282,-0.7455036023696425,-0.7096973398106944
2021-08-03,0.12658459465960853,0.0,9.661933852012064,0.36710352180363987,-0.8159799040454302,2.343938639555907,-1.7684776626545082
2021-08-04,0.0,0.0,5.521874853945546,0.36665959653677155,-0.7355744415365597,-0.5921923666785747,-2.4915816034019764
2021-08-05,0.35875640246415713,0.0,10.224521509978931,0.3662156714000112,-0.6458005352285431,-0.02237329999750224,-2.6864654337098086
2021-08-06,0.0,0.0,8.379058475512153,0.36577174626325093,-0.5498467750573509,-0.6979456426719082,-2.303296209247513
2021-08-07,0.3694986923999237,0.0,8.75106430595794,0.3653278211264906,-0.4511797284618102,-1.4214168232079838,-1.4506125770567726
2021-08-08,0.46221711328614223,0.0,9.057897122207201,0.3648838959897303,-0.35343095832498217,1.1354930953739355,-0.3610849197525413
2021-08-09,1.060237938202417,0.0,9.725576485914015,0.36443997085297,-0.260277471963278,-0.7455036023682884,0.6809630416810133
2021-08-10,3.9583383067182183,0.0,12.424477749614587,0.36399604571620964,-0.1753193785531414,2.343938639555558,1.4257229999995924
2021-08-11,1.3984308799363525,0.0,9.77329026619357,0.3635521205794493,-0.10195865285222436,-0.5921923666849591,1.7290297788940867
2021-08-12,1.8830893742431756,0.0,10.521102550309397,0.363108195442689,-0.04328290203525296,-0.022373300000273245,1.5856373808360125
2021-08-13,0.7783691763419975,0.0,9.568143712397125,0.3626642703059286,-0.001957909136916791,-0.6979456426695838,1.1156084578425698
2021-08-14,0.0,0.0,7.979286888209548,0.36222034516916835,0.019867516112408688,-1.4214168232008983,0.5113556926857326
2021-08-15,1.4841541040655275,0.0,10.023451515034866,0.361776420032408,0.020641203720768615,1.1354930953727893,-0.03375661506043858
2021-08-16,0.0,0.0,7.6839781698844565,0.36133249489564767,-0.0005309101727498332,-0.7455036023669342,-0.3889231145265323
2021-08-17,2.1414901639994204,0.0,10.951226477853835,0.3608885697588874,-0.043843687073373834,2.3439386395546657,-0.5194933582407589
2021-08-18,0.0,0.0,7.684835723071094,0.36044464462212705,-0.10877361009919723,-0.5921923666654513,-0.4808248168225384
2021-08-19,0.0,0.0,8.753716982507845,0.36000071948536677,-0.1940824037826191,-0.02237330000304416,-0.37795853487674336
2021-08-20,0.0,0.0,6.949132761564178,0.35955679434860643,-0.2978436170960018,-0.6979456426775912,-0.3094621149696235
2021-08-21,0.0,0.0,6.588108843311366,0.35911286921184604,-0.41749161664260337,-1.4214168232042694,-0.31919930634775834
2021-08-22,0.5683630921163141,0.0,9.554414085018406,0.35866894428738494,-0.54989172645146,1.1354930953690812,-0.37590722108869223
2021-08-23,0.0,0.0,7.322367081047277,0.3582250193629238,-0.6914295723486783,-0.7455036023666916,-0.3888849885842171
2021-08-24,1.6102814012655668,0.0,10.421506960171426,0.3577810944384627,-0.8381170636748998,2.3439386395537736,-0.25332126905176944
2021-08-25,0.0,0.0,7.582229272804744,0.3573371695140015,-0.9857118929522988,-0.5921923666718358,0.09348284914217075
2021-08-26,0.0,0.0,7.955355737609095,0.35689324458954036,-1.1298469727874332,-0.022373300002886648,0.6287452042393961
2021-08-27,0.0,0.0,9.187320756339112,0.3564493196650792,-1.2661658737424075,-0.6979456426855982,1.233162885911115
2021-08-28,0.0,0.0,8.371985520215404,0.3560053947406181,-1.3904600893185133,-1.4214168232059634,1.7196202919004409
2021-08-29,1.8859525722627022,0.0,11.4409693410263,0.35556146981615694,-1.4988038428422552,1.1354930953763513,1.8937018499124492
2021-08-30,0.0,0.0,8.547832481418551,0.3551175448916958,-1.5876821708047335,-0.7455036023664489,1.6251908773979369
2021-08-31,1.9487993135425286,0.0,10.260561970425188,0.3546736199672346,-1.654108168704272,2.343938639556368,0.9042952227231982
2021-09-01,0.0,0.0,8.137807324565436,0.3542296950427735,-1.6957255654415428,-0.5921923666708265,-0.1394231037726355
2021-09-02,0.1311852312865534,0.0,9.803130363058008,0.35378577011831236,-1.7108931937314178,-0.022373299995820904,-1.2648540451045198
2021-09-03,0.0,0.0,7.450374011262985,0.3533418451938512,-1.6987484355915017,-0.697945642683274,-2.186843315194703
2021-09-04,0.0,0.0,8.251697072247627,0.35289792026939004,-1.6592473296825652,-1.4214168232076576,-2.661943112930102
2021-09-05,0.0,0.0,5.989640181181678,0.35245399534492894,-1.5931797133094165,1.135493095372643,-2.563896927255364
2021-09-06,0.2430294990026004,0.0,8.837186039952567,0.3520100704204678,-1.502158516481944,-0.7455036023689364,-1.9232984525669867
2021-09-07,1.865791162425499,0.0,10.676327789623143,0.35156614542546955,-1.388583106443441,2.3439386395589614,-0.917880516115491
2021-09-08,0.9668626146251686,0.0,9.979428334508434,0.35112222043047125,-1.2555773753358221,-0.5921923666772109,0.1832701362077308
2021-09-09,37.966005797439294,28.8953049214792,46.67499189385987,0.3506782954354729,-1.106904047159139,-0.02237330000842866,1.1026048491713947
2021-09-10,0.0,0.0,8.351027483102392,0.3502343704404746,-0.9468574291760744,-0.6979456426809497,1.6362102664217484
2021-09-11,0.0,0.0,8.529539353604685,0.34979044544547633,-0.7801375242974291,-1.4214168232110291,1.708135345497521
2021-09-12,2.2534426279914332,0.0,10.797147704440583,0.34934652045047804,-0.6117090333176728,1.1354930953744242,1.380312045484204
2021-09-13,0.0,0.0,8.73083213573558,0.3489025954554798,-0.44664928975330614,-0.7455036023675822,0.8173508641825518
2021-09-14,2.623593280132371,0.0,11.070796020528828,0.3484586704604815,-0.2899895688982331,2.3439386395551267,0.2211855390149958
2021-09-15,0.0,0.0,7.851458935226206,0.34801474546548317,-0.14655448323646256,-0.5921923666762017,-0.2396272421881185
2021-09-16,0.0,0.0,8.179283276163678,0.34757082047048493,-0.020804308954312442,-0.022373300001362825,-0.48059262399979197
2021-09-17,0.0,0.0,7.381543164722989,0.3471268954754866,0.08331492262902054,-0.6979456426784736,-0.5152754042172304
2021-09-18,0.0,0.0,7.059651522939894,0.3466829704804883,0.16250889064655505,-1.421416823212723,-0.4304426988143538
2021-09-19,1.3610080799863884,0.0,9.899384865668061,0.34623904548549006,0.21425562684246213,1.135493095370716,-0.33497968771227965
2021-09-20,0.0,0.0,8.323518877162515,0.34579512049049177,0.23690538617576803,-0.7455036023684507,-0.30475216620460593
2021-09-21,2.5726664358376965,0.0,11.490470556698426,0.3453511954954935,0.22975635337649514,2.3439386395507475,-0.3463797525850403
2021-09-22,0.0,0.0,8.224629406729271,0.3449072705004952,0.19310345691182992,-0.5921923666714815,-0.3947455527141628
2021-09-23,0.10514381158795519,0.0,8.491120774001942,0.34446334550549695,0.12825831557688427,-0.022373300004133873,-0.345204549490292
2021-09-24,0.0,0.0,8.544051224866454,0.3440194208258683,0.037539165270474725,-0.6979456426864806,-0.10722516855986601
2021-09-25,0.0,0.0,8.150449172302041,0.3435754961462396,-0.07576951911691908,-1.4214168232056372,0.3428962158004341
2021-09-26,2.2041464921389666,0.0,10.662279871282095,0.34313157146661094,-0.20748710448247748,1.135493095372497,0.9330089297823361
2021-09-27,0.7485130270903879,0.0,9.567808530965022,0.34268764678698227,-0.35263509935813886,-0.7455036023670967,1.5039640820286415
2021-09-28,4.036769254549587,0.0,13.083953378002741,0.3422437221073536,-0.5055613398808821,2.343938639553342,1.8561482327697745
2021-09-29,0.9081692561060858,0.0,9.878321741021018,0.3417997974277249,-0.6600869368091165,-0.592192366670472,1.818648762157949
2021-09-30,0.825673187335911,0.0,10.041459676366781,0.34135587274809626,-0.8096721475148129,-0.022373299997068084,1.3163627620996956
2021-10-01,0.0,0.0,8.421862678562624,0.3409119480684676,-0.9475967287295489,-0.6979456426738251,0.4096968408409632
2021-10-02,0.0,0.0,5.904007256707514,0.3404680233888389,-1.0671498393709484,-1.4214168232161113,-0.7096973398093098
2021-10-03,0.0,0.0,6.783522192932455,0.3400240987092103,-1.1618242135195345,1.1354930953713511,-1.7684776626546617
2021-10-04,0.0,0.0,5.0984130383138115,0.3395801740295816,-1.225509123252726,-0.7455036023668539,-2.4915816034020626
2021-10-05,0.0,0.0,7.437798753677861,0.33913624934995296,-1.2526766068048263,2.343938639555936,-2.6864654337097846
2021-10-06,0.0,0.0,4.840129374627908,0.3386923246703243,-1.238555552457526,-0.5921923666768565,-2.3032962092456986
2021-10-07,1.3580540221338644,0.0,10.472178966579428,0.3382483999906956,-1.1792885008018983,-0.022373299999839086,-1.4506125770550933
2021-10-08,0.13883946157928811,0.0,8.920032599108353,0.33780447531106694,-1.0720664512976814,-0.6979456426816802,-0.361084919752417
2021-10-09,0.7516292465326658,0.0,10.372083902425823,0.33736055063143827,-0.9152375225699545,-1.4214168232090256,0.680963041680208
2021-10-10,0.35244071665003396,0.0,9.126094603469012,0.3369166259518096,-0.7083860046744636,1.1354930953731321,1.425722999999555
2021-10-11,0.527319741170523,0.0,9.059411851234366,0.3364727015703575,-0.45237913692441206,-0.7455036023693415,1.7290297788939195
2021-10-12,4.1162249727828275,0.0,12.035849701726718,0.33602877718890545,-0.14937982479721162,2.343938639555044,1.5856373808360906
2021-10-13,1.0561764945670389,0.0,9.777116790413965,0.33558485280745337,0.19717555058571412,-0.5921923666684534,1.1156084578423249
2021-10-14,1.4067574246387635,0.0,10.157327562714505,0.3351409284260013,0.5826341035268046,-0.022373299999681445,0.5113556926856385
2021-10-15,0.6042118356318031,0.0,9.807639918485618,0.33469700404454916,1.0012170893166146,-0.6979456426690245,-0.03375661506033623
2021-10-16,0.0,0.0,8.694897819352114,0.3342530796630971,1.4461421613739422,-1.42141682320194,-0.3889231145271683
2021-10-17,0.0,0.0,8.320168063544886,0.33380915528164495,1.909774270164772,1.1354930953694238,-0.5194933582403848
2021-10-18,0.05374821531358581,0.0,8.562244767515837,0.3333652309001929,2.3838014036055926,-0.7455036023690989,-0.48082481682310063
2021-10-19,1.5687120500824345,0.0,10.189002268893866,0.3329213065187408,2.8594306388810944,2.343938639558181,-0.37795853487558145
2021-10-20,0.3441522687860283,0.0,9.452467886160948,0.3324773821372887,3.3275993682931935,-0.592192366674838,-0.3094621149696152
2021-10-21,1.0678969465132921,0.0,9.803715063212472,0.33203345775583665,3.779196095107869,-0.022373300002452447,-0.3191993063479613
2021-10-22,3.4630215533994795,0.0,12.187183011228202,0.33158953337438457,4.20528488379117,-0.6979456426770317,-0.37590722108904207
2021-10-23,3.118171199594988,0.0,12.13161764274681,0.3311456089929325,4.597327402388787,-1.421416823203634,-0.3888849885830986
2021-10-24,6.160270029470215,0.0,14.55853979677982,0.3307016846114804,4.947396518531825,1.1354930953766942,-0.2533212690497842
2021-10-25,4.92661261196991,0.0,13.737284223563673,0.3302577602300283,5.248375604966556,-0.7455036023688562,0.0934828491421803
2021-10-26,8.7966357507713,0.4443762776174044,17.132259632537895,0.3298138358485762,5.494138071130237,2.3439386395538024,0.628745204238685
2021-10-27,6.650042586248828,0.0,15.536202091852505,0.3293699121367847,5.679702154881918,-0.5921923666812222,1.2331628859113466
2021-10-28,7.827529649475464,0.0,16.40014303834752,0.32892598842499315,5.801356669154948,-0.022373300005223452,1.7196202919007462
2021-10-29,7.380992455959801,0.0,16.45956537772236,0.3284820647132016,5.856754184007516,-0.6979456426747075,1.8937018499137905
2021-10-30,6.376781208701606,0.0,16.337687661515222,0.32803814100141016,5.844969013501385,-1.4214168231982256,1.6251908773970374
2021-10-31,8.133900879765095,0.0,16.922676159483988,0.3275942172896186,5.76651834437928,1.1354930953729863,0.9042952227232117
2021-11-01,5.065569449673066,0.0,14.04708218160296,0.3271502935778271,5.623345862235216,-0.7455036023686132,-0.13942310377136527
2021-11-02,6.824559236461393,0.0,15.945145564743912,0.3267063698660356,5.418768272142104,2.3439386395563964,-1.264854045103145
2021-11-03,2.704612909120471,0.0,12.178621821645404,0.3262624461542441,5.157386144840147,-0.5921923666802131,-2.186843315193707
2021-11-04,2.486463626549956,0.0,11.292328558528784,0.3258185224424525,4.844961517042705,-0.022373300005065853,-2.6619431129301354
2021-11-05,1.5517976354825211,0.0,10.346710989835298,0.32537459873066105,4.488265606679153,-0.6979456426723832,-2.563896927254909
2021-11-06,0.014486243179584857,0.0,8.354871543373001,0.3249306750188695,4.094900843936246,-1.4214168232086994,-1.9232984525668324
2021-11-07,0.17165147310435347,0.0,8.36799312009573,0.324486751307078,3.6731021425433346,1.135493095369278,-0.9178805161153358
2021-11-08,0.8710322832113722,0.0,10.662729962868497,0.32404282759528646,3.23152292177554,-0.745503602367259,0.18327013620780463
2021-11-09,2.191444213334419,0.0,11.019903791891899,0.32359890388349494,2.779011820724089,2.343938639555504,1.1026048491713312
2021-11-10,0.6422291897788487,0.0,9.28193822336454,0.3231549801717034,2.3243863098684883,-0.5921923666828866,1.6362102664215437
2021-11-11,0.9783325944633309,0.0,9.652684806220385,0.32271105645991194,1.8762094925035455,-0.022373299998000105,1.708135345497873
2021-11-12,0.0,0.0,8.128635019597827,0.3222671327481204,1.44257629729308,-0.697945642670059,1.3803120454839166
2021-11-13,0.7486722448350189,0.0,9.76694765550541,0.32182320887037097,1.030914994983888,-1.4214168232016136,0.8173508641823732
2021-11-14,2.325867453666089,0.0,10.856456370737009,0.32137928499262153,0.6478095342848486,1.135493095373621,0.22118553901499804
2021-11-15,0.0,0.0,8.334521469753694,0.3209353611148721,0.2988475962868397,-0.7455036023697466,-0.23962724218792092
2021-11-16,2.172335982667322,0.0,10.65116674395615,0.32049143723712264,-0.011501470124960361,2.343938639554612,-0.480592623999452
2021-11-17,0.0,0.0,8.05614684301321,0.3200475133593732,-0.2799755266254925,-0.5921923666744834,-0.5152754042194692
2021-11-18,0.0,0.0,8.200047229832911,0.31960358948162376,-0.5045729857182543,-0.02237330001060786,-0.4304426988153325
2021-11-19,0.0,0.0,7.39060174671243,0.3191596656038744,-0.6845692835188465,-0.6979456426780664,-0.3349796877126901
2021-11-20,0.0,0.0,7.0654528401781596,0.31871574172612493,-0.8204962179202503,-1.4214168232033075,-0.304752166205122
2021-11-21,0.19330020388789623,0.0,9.278151143051815,0.3182718178483755,-0.9140849567438603,1.135493095369913,-0.34637975258653203
2021-11-22,0.0,0.0,7.059199520119893,0.31782789397062605,-0.9681745707612429,-0.7455036023683922,-0.3947455527160932
2021-11-23,0.07043911502645392,0.0,8.90198473374831,0.3173839700928766,-0.9865889451307748,2.34393863955372,-0.3452045494893675
2021-11-24,0.22778667014695186,0.0,9.129163583139553,0.3169400462151272,-0.9739858408272182,-0.592192366680868,-0.10722516856008918
2021-11-25,0.7373763497572214,0.0,9.461051655235085,0.3164961223373778,-0.9356826883766822,-0.022373300003542117,0.3428962158000679
2021-11-26,0.8554111095931942,0.0,9.901388146135849,0.31605219845962834,-0.8774643759721883,-0.6979456426755899,0.933008929781344
2021-11-27,1.1475567105617621,0.0,9.884499446578474,0.3156082745818789,-0.8053788228424976,-1.4214168232050022,1.5039640820273827
2021-11-28,1.2563191880409026,0.0,10.609198220801579,0.31516435070412946,-0.7255264908104863,1.1354930953771831,1.8561482327700767
2021-11-29,0.7440154163623104,0.0,9.984989029837626,0.31472042792872224,-0.6438501713542268,-0.7455036023692612,1.8186487621570762
2021-11-30,3.4086465204848606,0.0,12.371257493854399,0.31427650515331496,-0.5659313863245504,2.3439386395563138,1.316362762099783
2021-12-01,0.0,0.0,8.522964955446684,0.3138325823779077,-0.4967995570507721,-0.592192366668754,0.40969684084090957
2023-06-30,0.0,0.0,8.508446171917349,0.05813306374332873,-1.4340331792911025,-0.697945642666363,1.7196202919004064
2023-07-01,0.0,0.0,8.341425006885984,0.05768914096792145,-1.324217552762516,-1.4214168232039537,1.8937018499126441
2023-07-02,1.6149769737412778,0.0,10.262504047794787,0.057245218192514186,-1.2029522172194809,1.1354930953713194,1.6251908773969252
2023-07-03,0.0,0.0,7.3201129130217915,0.056801295417106906,-1.073545160417343,-0.7455036023689507,0.904295222724771
2023-07-04,1.5244895069299265,0.0,10.49208043059612,0.056357372641699724,-0.939537401496433,2.3439386395571877,-0.139423103772528
2023-07-05,0.6561348741408886,0.0,10.162745595955972,0.05591344986629245,-0.8045921639400822,-0.5921923666809035,-1.2648540451044181
2023-07-06,0.0,0.0,7.0668170543632725,0.05546952709088518,-0.6723802976701405,-0.022373300005478283,-2.1868433151935096
2023-07-07,0.0,0.0,8.570742984195407,0.055025604315477906,-0.546465582530654,-0.6979456426743704,-2.6619431129299986
2023-07-08,0.0,0.0,7.241257939061166,0.054581681540070634,-0.4301935492314981,-1.4214168232073252,-2.5638969272543854
2023-07-09,0.0,0.0,8.008257915483524,0.05413775876466345,-0.3265873434718864,1.1354930953676112,-1.923298452565729
2023-07-10,0.0,0.0,6.454396726134986,0.05369383598925617,-0.238253937541953,-0.7455036023675967,-0.9178805161168699
2023-07-11,2.413155020766276,0.0,11.197300901980482,0.05324991321384891,-0.1673036682080126,2.343938639552809,0.18327013620763047
2023-07-12,0.44793281278777314,0.0,8.83787004859019,0.05280599043844163,-0.11528566014209779,-0.5921923666798941,1.1026048491713232
2023-07-13,1.5830578404950315,0.0,10.718557106896741,0.05236206766303427,-0.08314119358496797,-0.02237330000532073,1.6362102664222857
2023-07-14,0.9909313386242776,0.0,9.67566405738685,0.051918144711308664,-0.07117650891316565,-0.697945642672046,1.7081353454981807
2023-07-15,0.0,0.0,8.403562461941934,0.05147422175958306,-0.0790559269150318,-1.4214168232002398,1.3803120454842495
2023-07-16,1.8980587373403863,0.0,10.350723881729436,0.051030298807857366,-0.10581552101824564,1.1354930953693922,0.8173508641813826
2023-07-17,0.0,0.0,8.240294009874587,0.05058637585613175,-0.14989692653513792,-0.7455036023673539,0.22118553901459592
2023-07-18,1.9452536177374133,0.0,10.915680656760701,0.05014245290440606,-0.20920023253431108,2.3439386395554034,-0.23962724218808468
2023-07-19,0.0,0.0,7.4858612727849465,0.049698529952680454,-0.28115429431166483,-0.5921923666751739,-0.4805926239997493
2023-07-20,0.0,0.0,7.799557312566196,0.049254607000954846,-0.36280224769194586,-0.02237330000809173,-0.5152754042187848
2023-07-21,0.0,0.0,7.256413774509529,0.048810684049229155,-0.4508995181354017,-0.6979456426800532,-0.43044269881436414
2023-07-22,0.0,0.0,6.277910965803462,0.04836676109750354,-0.5420212133144301,-1.4214168232107134,-0.33497968771281394
2023-07-23,0.24598828690353022,0.0,9.239633576542351,0.04792283814577785,-0.6326754804169953,1.1354930953792248,-0.3047521662044767
2023-07-24,0.0,0.0,7.336783267044701,0.04747891519405224,-0.7194192087915577,-0.7455036023698414,-0.34637975258623815
2023-07-25,1.197255707670647,0.0,9.450311899780141,0.047034992242326636,-0.7989723714116039,2.343938639554511,-0.39474555271458694
2023-07-26,0.0,0.0,6.644987862306893,0.046591069290600945,-0.8683273280208355,-0.5921923666815584,-0.34520454949034135
2023-07-27,0.0,0.0,7.528983164259563,0.04614714633887533,-0.9248495583704136,-0.022373300001025942,-0.10722516856111822
2023-07-28,0.0,0.0,7.1074650460584055,0.04570322338714964,-0.9663665514333675,-0.6979456426777287,0.3428962158003826
2023-07-29,0.0,0.0,8.290834810795923,0.04525930043542403,-0.991241938407817,-1.4214168232036277,0.9330089297811262
2023-07-30,1.6858401422173654,0.0,10.1696412947563,0.04481537755331583,-0.9984324127385841,1.1354930953755165,1.5039640820271174
2023-07-31,0.16749056957746616,0.0,8.783413665510777,0.044371454671207705,-0.9875255154932778,-0.7455036023695986,1.856148232769135
2023-08-01,3.2477579706519966,0.0,12.202652495159308,0.0439275317890995,-0.9587569628517593,2.3439386395571047,1.8186487621575518
2023-08-02,0.0,0.0,8.681405324070885,0.043483608906991295,-0.9130068357974681,-0.5921923666731552,1.3163627620997649
2023-08-03,0.0,0.0,8.116815115004751,0.04303968602488318,-0.8517746204457814,-0.022373300013633652,0.40969684084106356
2023-08-04,0.0,0.0,6.58493282817067,0.042595763142774974,-0.7771337600053416,-0.6979456426752527,-0.7096973398107301
2023-08-05,0.0,0.0,8.401285432586238,0.04215184026066677,-0.6916670352102439,-1.421416823205322,-1.768477662654573
2023-08-06,0.6168147008165366,0.0,8.987713007399558,0.041707917378558654,-0.5983847085325592,1.1354930953718083,-2.491581603401271
2023-08-07,0.0,0.0,8.227133821944957,0.04126399449645045,-0.5006279290203534,-0.7455036023682445,-2.6864654337097096
2023-08-08,0.0,0.0,7.937964065344314,0.040820071614342326,-0.40196038145925755,2.343938639556213,-2.30329620924576
2023-08-09,0.0,0.0,7.199231474329073,0.04037614873223412,-0.3060515598285447,-0.5921923666758289,-1.4506125770563
2023-08-10,0.0,0.0,7.684639768902636,0.039932225850126,-0.216555337995449,-0.02237330000656795,-0.36108491975252305
2023-08-11,0.0,0.0,8.739788788194273,0.039488302968017794,-0.13698769024810672,-0.6979456426729285,0.6809630416809346
2023-08-12,0.0,0.0,9.378309093193604,0.03904438008590959,-0.07060747432651995,-1.4214168231982363,1.425723000000664
2023-08-13,2.8828192041604925,0.0,12.011691778764058,0.03860045720380147,-0.02030412731169795,1.1354930953735893,1.7290297788947993
2023-08-14,0.8897943717054565,0.0,9.814521488126555,0.03815653432169327,0.011504058915259808,-0.7455036023691131,1.5856373808376165
2023-08-15,3.5202174248534703,0.0,12.456456423073302,0.037712611439585236,0.022957716015642102,2.343938639555864,1.1156084578423793
2023-08-16,0.0,0.0,8.794201670629924,0.03726868850684331,0.012827272993501566,-0.5921923666674258,0.5113556926872483
2023-08-17,0.0,0.0,8.424160395408792,0.036824765574101394,-0.019435528493587893,-0.022373299999502202,-0.03375661506027118
2023-08-18,0.0,0.0,7.377953867351806,0.036380842641359386,-0.07366734535847394,-0.6979456426809356,-0.3889231145274471
2023-08-19,0.0,0.0,6.37386558061571,0.03593691970861747,-0.14898538923560806,-1.4214168231999302,-0.5194933582400819
2023-08-20,0.4463587233497143,0.0,9.62434710727092,0.03549299677587554,-0.24380255197148873,1.1354930953669538,-0.4808248168216263
2023-08-21,0.0,0.0,7.590967881760792,0.03504907384313362,-0.35586530776953834,-0.7455036023677589,-0.3779585348765367
2023-08-22,1.58676819446539,0.0,10.385283506489781,0.0346051509103917,-0.48231348103035465,2.3439386395549713,-0.3094621149696181
2023-08-23,0.0,0.0,7.684624227821362,0.03416122797764969,-0.6197602717589998,-0.59219236667381,-0.31919930634764654
2023-08-24,0.0,0.0,7.187462697407309,0.033717305044907775,-0.7643902759516741,-0.02237330000227312,-0.3759072210880712
2023-08-25,0.0,0.0,7.107620832025435,0.03327338211216585,-0.9120726473659446,-0.6979456426682801,-0.38888498858037024
2023-08-26,0.0,0.0,5.838579402932174,0.032829459179423925,-1.0584860382509549,-1.4214168232120814,-0.2533212690510855
2023-08-27,0.0621099342619549,0.0,8.96576404237175,0.03238553624668201,-1.1992515465009495,1.1354930953742242,0.09348284914199798
2023-08-28,0.0,0.0,7.300125802660696,0.03194161331394009,-1.3300695988076265,-0.7455036023664047,0.6287452042394096
2023-08-29,2.161742691741752,0.0,11.541162940598683,0.031497690381198165,-1.4468565241083033,2.3439386395575657,1.2331628859112918
2023-08-30,0.0,0.0,8.232917988927724,0.031053767448456244,-1.5458765254854145,-0.5921923666728007,1.7196202919007118
2023-08-31,0.2780735499916368,0.0,8.657814717088206,0.030609844515714236,-1.6238648444447163,-0.02237329999227886,1.893701849912918
2023-09-01,0.8965430286223802,0.0,9.17736434249067,0.030165921826064753,-1.6781381279242642,-0.697945642676287,1.6251908773968669
2023-09-02,0.5814320484268727,0.0,9.490085595774758,0.029721999136415184,-1.7066883502212638,-1.4214168232137752,0.9042952227254963
2023-09-03,2.03205096790893,0.0,10.34809038618306,0.0292780764467657,-1.7082571001357163,1.135493095370516,-0.13942310377263578
2023-09-04,1.109518901008569,0.0,9.753397469614832,0.02883415375711613,-1.6823876052778075,-0.7455036023661621,-1.2648540451045778
2023-09-05,0.0,0.0,7.0217377710172615,0.02839023106746665,-1.629452514721403,2.34393863955373,-2.1868433151928652
2023-09-06,0.0,0.0,7.8605257487812255,0.02794630837781708,-1.5506561791324596,-0.5921923666717916,-2.661943112930032
2023-09-07,0.0,0.0,5.875949740129184,0.027502385688167597,-1.4480109331512063,-0.02237330000488657,-2.563896927254946
2023-09-08,0.0,0.0,7.128584481847252,0.027058462998518027,-1.3242876754076969,-0.6979456426842943,-1.9232984525669146
2023-09-09,34.14637536756761,25.94290491755584,42.964261959811985,0.026614540308868544,-1.182941833416312,-1.4214168232066895,-0.9178805161182589
2023-09-10,0.0,0.0,8.699410598570712,0.026170617619218975,-1.0280165697866783,1.135493095372297,0.1832701362088818
2023-09-11,0.0,0.0,8.020367442229556,0.025726694929569405,-0.8640258091983785,-0.7455036023675383,1.1026048491730112
2023-09-12,3.3096113582570568,0.0,11.801008201307644,0.025282772239919923,-0.6958203199607016,2.343938639556324,1.6362102664215143
2023-09-13,0.6123411789672565,0.0,9.253715164050172,0.02483884955027044,-0.528440649410119,-0.5921923666707821,1.7081353454978874
2023-09-14,1.015372501738326,0.0,9.654468668824629,0.02439492686062087,-0.36696117060843625,-0.022373299997820867,1.3803120454839621
2023-09-15,0.0,0.0,8.230362010093017,0.023951004170971388,-0.21632983395418526,-0.6979456426819699,0.8173508641824314
2023-09-16,0.0,0.0,7.9577657073936034,0.02350708148132182,-0.08120841983372344,-1.421416823210061,0.22118553901505025
2023-09-17,0.9531108622606485,0.0,9.394181053252238,0.023063158791672336,0.03418185028327614,1.1354930953740783,-0.2396272421883782
2023-09-18,0.0,0.0,7.6828302265886705,0.02261923581877304,0.1262045703337107,-0.7455036023684067,-0.4805926240006619
2023-09-19,2.0427762752964758,0.0,10.668283887255761,0.022175312845873745,0.1919377271170625,2.3439386395519457,-0.5152754042184061
2023-09-20,0.0,0.0,7.934121719778664,0.02173138987297445,0.22928441819364853,-0.5921923666771668,-0.43044269881406794
2023-09-21,0.0,0.0,8.62813992738333,0.021287466900075155,0.23706102536905385,-0.022373300000591827,-0.3349796877121689
2023-09-22,0.0,0.0,7.083829652330464,0.02084354392717586,0.21505977078178432,-0.6979456426794938,-0.3047521662049928
2023-09-23,0.0,0.0,6.811943295817969,0.020399620954276564,0.1640832939702564,-1.4214168232029754,-0.3463797525865263
2023-09-24,0.8466529198169199,0.0,10.042296172701395,0.01995569798137727,0.08594967917310604,1.1354930953758593,-0.39474555271342265
2023-09-25,0.0,0.0,6.889371875699885,0.01951177500847806,-0.016532789999675924,-0.7455036023670526,-0.34520454948938023
2023-09-26,2.1161603322118223,0.0,10.282989594525105,0.019067852035578765,-0.13962099081755633,2.3439386395545396,-0.10722516856073944
2023-09-27,0.0,0.0,8.197555198933854,0.01862392906267947,-0.2787213913299766,-0.5921923666724465,0.3428962158003538
2023-09-28,0.5003139998358217,0.0,8.788728980898155,0.018180006089780175,-0.4285016360318814,-0.022373300003362788,0.9330089297812858
2023-09-29,0.24072797288028366,0.0,8.597311694127065,0.01773608311688088,-0.5830265495971574,-0.6979456426668381,1.5039640820273985
2023-09-30,0.0,0.0,8.351550938334588,0.017292160143981498,-0.7359150665466506,-1.4214168232134494,1.8561482327694372
2023-10-01,2.0904761620983656,0.0,10.802637384573558,0.016848237171082203,-0.8805139326019694,1.1354930953721512,1.818648762157102
2023-10-02,0.0,0.0,8.552674256590079,0.016404314198182907,-1.0100834740028282,-0.7455036023668099,1.3163627620998521
2023-10-03,1.6516055601014323,0.0,10.124702421617599,0.015960391225283612,-1.117990311521995,2.343938639557134,0.4096968408410099
2023-10-04,0.0,0.0,5.69078885228219,0.015516468252384317,-1.1979016198904338,-0.5921923666788309,-0.7096973398124031
2023-10-05,0.0,0.0,5.538228400161151,0.015072545279485022,-1.243975410405695,-0.022373300006133794,-1.7684776626547267
2023-10-06,0.0,0.0,4.2133463304956855,0.014628622306585726,-1.2510413497791384,-0.6979456426748454,-2.4915816034013574
2023-10-07,0.0,0.0,7.513167424929628,0.014184699333686431,-1.214766822360962,-1.4214168232063635,-2.686465433709685
2023-10-08,0.0,0.0,7.997812621567924,0.013740776360787136,-1.1318032917214311,1.1354930953710052,-2.303296209245636
2023-10-09,0.0,0.0,8.045427902019476,0.01329685338788784,-0.9999085125836098,-0.7455036023692972,-1.4506125770576481
2023-10-10,0.0,0.0,8.064145526579384,0.012852930414988546,-0.8180407723691343,2.343938639552755,-0.36108491975382717
2023-10-11,0.0,0.0,7.9371206071297875,0.01240900744208925,-0.5864220862566959,-0.5921923666704276,0.6809630416801292
2023-10-12,1.1087466742602194,0.0,9.058304983060848,0.011965084469189955,-0.3065681102105294,-0.022373299999068046,1.425723000000627
2023-10-13,1.0613218480969255,0.0,10.134048969934636,0.01152116149629066,0.01871655037846299,-0.6979456426723689,1.7290297788945401
2023-10-14,0.5606757949096778,0.0,9.46831051406563,0.011077238523391365,0.38537799874974554,-1.4214168231992779,1.5856373808358188
2023-10-15,3.049921922750868,0.0,11.116483729165534,0.01063331555049207,0.788187053992402,1.135493095367297,1.1156084578406773
2023-10-16,0.9968875013289211,0.0,10.322286439748803,0.010189392577592774,1.2208460184341101,-0.7455036023690546,0.5113556926862726
2023-10-17,0.477653174993094,0.0,9.325316777921481,0.009745469604693479,1.676125680893241,2.343938639555349,-0.033756615060189475
2023-10-18,0.0,0.0,9.044146299293956,0.00930154663179427,2.1460291596076706,-0.5921923666768122,-0.3889231145280829
2023-10-19,0.0,0.0,7.108137334585042,0.008857623658894975,2.621978405673632,-0.022373300008747155,-0.5194933582414786
2023-10-20,0.0,0.0,7.88014743817562,0.00841370068599568,3.0950185166956854,-0.6979456426803763,-0.4808248168227572
2023-10-21,0.0,0.0,7.937795490055213,0.007969777713096298,3.5560344713871594,-1.4214168232097517,-0.377958534876321
2023-10-22,4.829531340328912,0.0,13.654151442172203,0.007525854740197003,3.9959745051837574,1.135493095374567,-0.3094621149696098
2023-10-23,3.3484531399134347,0.0,12.507108434123236,0.007081931767297708,4.406074116862799,-0.7455036023688121,-0.31919930634784976
2023-10-24,6.752744061640096,0.0,15.40154878184745,0.006638008794398412,4.778074634379118,2.343938639555,-0.375907221088421
2023-10-25,4.129547107968183,0.0,12.818993870091166,0.006194085821499117,5.104430377412141,-0.5921923666831967,-0.38888498858225984
2023-10-26,5.108554326336012,0.0,14.314024025520123,0.005750162848599822,5.378498732540481,-0.022373300001681407,-0.2533212690513871
2023-10-27,4.995551343846105,0.0,13.837924311363857,0.005306239875700527,5.594707897506589,-0.6979456426780519,0.09348284914186857
2023-10-28,4.960888340083827,0.0,13.448646995201855,0.0048623169028012315,5.748697642144991,-1.4214168232026658,0.6287452042386985
2023-10-29,8.21050353447108,0.0,16.69311527321795,0.004418393929901936,5.837429159258797,1.135493095370859,1.2331628859115238
2023-10-30,6.837352079453388,0.0,16.081975399394388,0.003974470957002641,5.859260918964286,-0.7455036023685693,1.7196202919006693
2023-10-31,10.055159409005986,1.606248647084882,19.082363810676252,0.003530547984103346,5.813988371551098,2.3439386395575945,1.8937018499131917
2023-11-01,6.738931476273376,0.0,15.681813703460874,0.0030866250112040507,5.7028463405399386,-0.5921923666747936,1.6251908773970272
2023-11-02,6.4130386060715185,0.0,15.270610062764003,0.0026427020383047554,5.528473981321993,-0.02237330001428916,0.90429522272551
2023-11-03,4.459673254746232,0.0,13.308538007381934,0.0021987790654054602,5.294843222127919,-0.6979456426757278,-0.13942310377136521
2023-11-04,2.322636611369354,0.0,11.5242822135122,0.001754856092506165,5.007152623586088,-1.4214168232060373,-1.2648540451032027
2023-11-05,3.6216502747420964,0.0,13.016975681720897,0.0013109331196068698,4.671689561439929,1.135493095375202,-2.1868433151926414
2023-11-06,0.0,0.0,9.15869177107749,0.0008670101467075746,4.295664526352126,-0.7455036023672151,-2.6619431129303615
2023-11-07,0.0,0.0,7.985846636180634,0.00042308717380827934,3.887022119448127,2.3439386395567023,-2.5638969272542274
2023-11-08,0.0,0.0,7.33216981105279,-2.0835799091015877e-05,3.4542339793980146,-0.5921923666811781,-1.92329845256676
2023-11-09,0.0,0.0,6.504982426088219,-0.0004647587719903111,3.0060793873492635,-0.022373300004294768,-0.9178805161181032
2023-11-10,0.0,0.0,7.079789477741145,-0.0009086817448896063,2.5514196445612867,-0.6979456426734034,0.18327013620777843
2023-11-11,0.0,0.0,7.7274280460661045,-0.0013526047177889015,2.098972493842095,-1.4214168231989517,1.102604849172573
2023-11-12,0.8165596881804029,0.0,9.19390923962477,-0.0017965276906881968,1.6570928540777223,1.135493095371494,1.6362102664218756
2023-11-13,2.193957249191343,0.0,11.331514694920251,-0.002240450663587492,1.2335659567241222,-0.7455036023680839,1.708135345498892
2023-11-14,4.556984930354871,0.0,13.572739200244689,-0.002684373636486787,0.8354186189518741,2.34393863955581,1.380312045483675
2023-11-15,0.6907840702379805,0.0,9.006403831991957,-0.0031282966093860824,0.4687538693415722,-0.5921923666764578,0.8173508641822527
2023-11-16,0.33385349294236216,0.0,9.24554132026445,-0.0035722195822853776,0.13861347351666106,-0.02237330000706577,0.2211855390150527
2023-11-17,0.0,0.0,7.8490928645350895,-0.004016142555184673,-0.15112789284962863,-0.6979456426814105,-0.2396272421888451
2023-11-18,0.0,0.0,6.810959025977646,-0.004460065528083968,-0.3978339846990914,-1.4214168232006459,-0.4805926239990693
2023-11-19,0.015171708165730245,0.0,8.745083258776319,-0.004903988500983263,-0.6001419944830446,1.135493095367786,-0.5152754042180278
2023-11-20,0.0,0.0,6.73804617334781,-0.0053479114738825585,-0.7579604239085266,-0.7455036023694598,-0.43044269881504654
2023-11-21,0.0,0.0,8.209952679330515,-0.005791834446781854,-0.8724300900104494,2.3439386395549175,-0.3349796877125798
2023-11-22,0.0,0.0,8.477919430776378,-0.006235757419681149,-0.9458495999066745,-0.5921923666754486,-0.30475216620509427
2023-11-23,0.0,0.0,8.119562941747404,-0.006679680392580444,-0.9815676567404992,-0.022373300000000068,-0.34637975258604586
2023-11-24,0.0,0.0,7.824033731521601,-0.007123603365479739,-0.9838455211862804,-0.6979456426687551,-0.3947455527138059
2023-11-25,0.0,0.0,7.245083676800603,-0.007567526338379035,-0.9576938204376193,-1.4214168232023399,-0.34520454948973767
2023-11-26,0.0,0.0,7.257535418272156,-0.00801144931127833,-0.9086886445721519,1.1354930953750564,-0.1072251685609627
2023-11-27,0.0,0.0,7.126692233683024,-0.008455372284177625,-0.8427724767508749,-0.7455036023692171,0.34289621579998775
2023-11-28,2.5020023233008266,0.0,10.721302061324828,-0.00889929525707692,-0.7660459507810536,2.3439386395575115,0.9330089297814457
2023-11-29,0.2178717932522338,0.0,8.640872986142602,-0.009343218229976216,-0.6845567038709673,-0.5921923666744393,1.5039640820276174
2023-11-30,1.2198961061471636,0.0,9.852761433427496,-0.00978714120287551,-0.6040916854281242,-0.022373299992934324,1.856148232771098
2023-12-01,0.580492864111117,0.0,9.272227409544982,-0.010231064175774806,-0.5299791911938245,-0.6979456426766102,1.8186487621573266
2023-12-02,0.0,0.0,7.7903295892036795,-0.010674987148674101,-0.46690661792128213,-1.4214168232144908,1.3163627621016079
2023-12-03,1.115311541649913,0.0,9.606718363058137,-0.011118910121573396,-0.418759484440818,1.1354930953713478,0.40969684084095653
2023-12-04,0.0,0.0,7.286463962463358,-0.011562833094472692,-0.3884866527376497,-0.7455036023678631,-0.7096973398110183
2023-12-05,0.1854582962518528,0.0,8.946465743688593,-0.012006756067371987,-0.3779959245794111,2.3439386395531328,-1.768477662654497
2023-12-06,0.0,0.0,5.222787483096207,-0.012450679040271282,-0.38808330669951485,-0.5921923666697189,-2.4915816034006975
2023-12-07,0.0,0.0,8.182883295829615,-0.012894602013170577,-0.41839825553983984,-0.02237330000554208,-2.6864654337098415
2023-12-08,0.0,0.0,7.791822425697463,-0.013338524986069872,-0.4674461590174818,-0.6979456426742857,-2.3032962092455116
2023-12-09,0.0,0.0,8.623222120296763,-0.013782447958969168,-0.5326282178424254,-1.4214168232074054,-1.4506125770574827
2023-12-10,0.0,0.0,8.517048253068392,-0.014226370931868463,-0.6103177839635454,1.135493095373129,-0.3610849197522747
2023-12-11,0.0,0.0,8.584821504523045,-0.014670293904767758,-0.6959711306084563,-0.7455036023665089,0.6809630416823911
2023-12-12,0.0,0.0,8.839833834281777,-0.015114216877667053,-0.7842695983545528,2.3439386395562702,1.4257230000004895
2023-12-13,0.04415415766890998,0.0,8.607583463718194,-0.015558139850566349,-0.8692891147070735,-0.5921923666687096,1.7290297788952593
2023-12-14,0.6025697696958432,0.0,9.724855910962926,-0.016002062823465644,-0.9446922483192252,-0.022373299998476245,1.5856373808370097
2023-12-15,0.0,0.0,8.339942911789226,-0.01644598579636494,-1.0039372578773773,-0.6979456426822931,1.1156084578418899
2023-12-16,0.0,0.0,7.035580514640664,-0.016889908769264234,-1.0404980505913153,-1.4214168232090991,0.5113556926861785
2023-12-17,0.03631405609687667,0.0,8.821778121960863,-0.01733383174216353,-1.048088592471815,1.1354930953719828,-0.03375661506112779
2023-12-18,0.0,0.0,6.586514495669093,-0.017777754715062825,-1.0208851238482548,-0.7455036023673774,-0.3889231145278039
2023-12-19,0.85248406863807,0.0,9.856752881536728,-0.01822167768796212,-0.953739534984755,2.3439386395518915,-0.5194933582411043
2023-12-20,0.12338976660908253,0.0,9.422056684415285,-0.018665600660861415,-0.8423774492325561,-0.5921923666750941,-0.4808248168224054
2023-12-21,0.13313370115923845,0.0,9.033950490601482,-0.01910952363376071,-0.6835749403296482,-0.02237330000124725,-0.3779585348761051
2023-12-22,0.07549042946789096,0.0,9.344947741645006,-0.019553446606660006,-0.47530836626554757,-0.6979456426903001,-0.3094621149696013
2023-12-23,0.09939398119929833,0.0,8.309384144652883,-0.0199973695795593,-0.2168725196716152,-1.4214168232020135,-0.3191993063475137
2023-12-24,0.0,0.0,8.026324622137926,-0.020441292552458596,0.09103684568146866,1.135493095373764,-0.3759072210887709
2023-12-25,0.053899268265780384,0.0,8.91722605811435,-0.02088521552535789,0.4462790747398077,-0.7455036023660235,-0.38888498858264536
2023-12-26,0.0,0.0,9.247831889862265,-0.021329138498257186,0.8452651507639481,2.3439386395544854,-0.25332126905168867
2023-12-27,0.7625128987080716,0.0,9.415213836076639,-0.02177306147115648,1.2829954777115737,-0.5921923666740848,0.09348284914173899
2023-12-28,2.337293428344267,0.0,10.38718064609602,-0.022216984444055777,1.7531385085506432,-0.022373300001089693,0.6287452042387689
2023-12-29,2.760705001779794,0.0,11.611077775181249,-0.022660907416955072,2.2481486659638317,-0.6979456426776445,1.2331628859105623
2023-12-30,0.0,0.0,8.940699015937422,-0.023104830389854367,2.7594208809623813,-1.4214168232124873,1.719620291899453
2023-12-31,6.283124213622751,0.0,15.386086765385055,-0.023548753362753663,3.277478021703051,1.135493095370056,1.8937018499123985
2024-01-01,1.7973711277567563,0.0,10.147921212191397,-0.023992676335652958,3.7921865290607837,-0.7455036023657806,1.6251908773974062
2024-01-02,5.781632007788555,0.0,15.094715433654724,-0.024436599308552253,4.292994744818159,2.343938639554137,0.904295222724812
2024-01-03,4.012691743558601,0.0,12.820655076341898,-0.024880522281451548,4.769187736293373,-0.5921923666804693,-0.13942310377285122
2024-01-04,3.897600117373701,0.0,12.4836050827683,-0.025324445254350843,5.210151907736487,-0.022373300003860695,-1.2648540451045744
2024-01-05,2.6950850329176856,0.0,11.525670708203965,-0.02576836822725014,5.605642359002542,-0.697945642664837,-2.1868433151927693
2024-01-06,1.8364735881996885,0.0,10.343451422937148,-0.026212291200149434,5.946045815535339,-1.4214168232054019,-2.6619431129300977
2024-01-07,4.767571969279083,0.0,13.726893960991703,-0.02665621417304873,6.222632015335083,1.1354930953718372,-2.5638969272547882
2024-01-08,3.7318845051077862,0.0,12.349116338161021,-0.027100137145948024,6.427786697189948,-0.7455036023682681,-1.9232984525679453
2024-01-09,7.953733846717438,0.0,17.167593886265923,-0.02754406011884732,6.5552197834009895,2.3439386395532447,-0.917880516117948
2024-01-10,6.16323276421856,0.0,15.16728253454984,-0.027987983091746615,6.600142977773079,-0.5921923666720661,0.18327013620929344
2024-01-11,7.611211431764058,0.0,15.905785019231208,-0.02843190606464591,6.55941178865299,-0.02237329999679491,1.1026048491725093
2024-01-12,7.34101671067299,0.0,16.122711543713983,-0.028875829037545205,6.431627915961712,-0.6979456426728441,1.6362102664216707
2024-01-13,6.474597755228227,0.0,15.341085121864628,-0.0293197520104445,6.2171989849501434,-1.4214168232087732,1.7081353454973012
2024-01-14,8.404395205058188,0.558925862281455,17.618613473864205,-0.029763674983343796,5.918353739190014,1.1354930953681288,1.3803120454833877
2024-01-15,5.580751653867338,0.0,14.111234422950368,-0.03020759795624309,5.539111990007874,-0.7455036023680256,0.8173508641837333
2024-01-16,7.619682484158573,0.0,16.557491831823526,-0.030651520929142386,5.085209826520734,2.3439386395523525,0.22118553901463012
2024-01-17,3.701066733624181,0.0,13.115102464100055,-0.03109544390204168,4.563981786393321,-0.5921923666784507,-0.2396272421886476
2024-01-18,3.4496975484371823,0.0,11.567449721476576,-0.03153936687494089,3.9842028393104183,-0.022373299999565912,-0.4805926239987296
2024-01-19,2.110689774630649,0.0,10.700778964866553,-0.031983289847840185,3.3558941113769905,-0.6979456426808515,-0.5152754042176492
2024-01-20,0.8058105144740365,0.0,9.81238390882393,-0.032427212820739654,2.6900972493199937,-1.4214168232104674,-0.4304426988147502
2024-01-21,2.766265433895719,0.0,11.629817345934763,-0.03287113579363895,1.9986231620264214,1.1354930953753992,-0.3349796877124625
2024-01-22,0.21021073296202797,0.0,8.495152229074906,-0.033315058766538244,1.2937815603008433,-0.7455036023677827,-0.3047521662044944
2024-01-23,2.5518981305954522,0.0,11.632717238526979,-0.03375898173943754,0.5880982253650736,2.343938639554946,-0.34637975258513026
2024-01-24,0.0,0.0,4.36270369424761,-0.034202904712336835,-0.10597274148725798,-0.5921923666737303,-0.39474555271418893
2024-01-25,0.0,0.0,7.777075978474159,-0.03464682768523613,-0.7763343101438771,-0.022373299992500165,-0.34520454949141366
2024-01-26,0.0,0.0,6.293967573474501,-0.035090750658135425,-1.4115222496833297,-0.6979456426785271,-0.10722516856178799
2024-01-27,0.0,0.0,8.170683977659916,-0.03553467363103463,-2.0009641599279284,-1.4214168232121613,0.342896215799959
2024-01-28,3.50176819510632,0.0,11.989203155286546,-0.03597859660393393,-2.5352152334435307,1.1354930953716909,0.9330089297820938
2024-01-29,0.5910731490047977,0.0,9.001874049998067,-0.03642251957683322,-3.0061648110759975,-0.7455036023702701,1.5039640820278988
2024-01-30,6.753331841291883,0.0,15.456764368468628,-0.03686644254973252,-3.407208588485967,2.3439386395575403,1.8561482327700412
2024-01-31,1.217303768604913,0.0,9.986470673746169,-0.03731036552263181,-3.7333822613566103,-0.5921923666727211,1.8186487621568765
2024-02-01,4.131421736481967,0.0,12.761779842183488,-0.03775428849553111,-3.9814534371124393,-0.022373300012015977,1.316362762101954
2024-02-02,0.8543632246628085,0.0,9.485609052958322,-0.0381982114684304,-4.149969762033462,-0.6979456426762027,0.40969684084090285
2024-02-03,0.0,0.0,7.084888417640561,-0.038642134441329704,-4.239262383576391,-1.4214168232050757,-0.7096973398125274
2024-02-04,0.0,0.0,8.546674693229647,-0.03908605741422899,-4.2514050561830095,1.1354930953705447,-1.768477662656046
2024-02-05,0.0,0.0,1.9721200133264816,-0.039529980387128294,-4.190130372049855,-0.7455036023689162,-2.4915816034015292
2024-02-06,0.0,0.0,5.91162830572258,-0.03997390336002758,-4.060705724259849,2.343938639556648,-2.686465433709637
2024-02-07,0.0,0.0,0.0,-0.040417826332926884,-3.869772657540507,-0.5921923666717118,-2.3032962092464264
2024-02-08,0.0,0.0,4.307885038665754,-0.04086174930582617,-3.625154203435094,-0.022373300004950275,-1.4506125770588307
2024-02-09,0.0,0.0,4.957143018117346,-0.041305672278725475,-3.33563560652538,-0.6979456426737265,-0.36108491975219315
2024-02-10,0.0,0.0,5.765685518081887,-0.04174959525162476,-3.010724505177586,-1.42141682319799,0.6809630416824005
2024-02-11,2.059225460257551,0.0,10.426073553313051,-0.042193518224524065,-2.6603971168906027,1.1354930953723257,1.425723000000352
2024-02-12,0.0,0.0,6.199752489928673,-0.042637441197423354,-2.2948372825804406,-0.7455036023697849,1.7290297788949998
2024-02-13,3.3662793172917045,0.0,12.022578540756397,-0.043081364170322656,-1.9241753389304346,2.343938639555756,1.5856373808367061
2024-02-14,0.0,0.0,5.867964531939559,-0.043525287143221944,-1.5582337114988063,-0.5921923666780963,1.1156084578416454
2024-02-15,0.0,0.0,8.74727808726115,-0.043969210116121246,-1.2062858572470767,-0.02237330000772128,0.5113556926862952
2024-02-16,0.0,0.0,6.84150136052573,-0.044413133089020534,-0.8768347423219257,-0.6979456426817338,-0.03375661506102544
2024-02-17,0.0,0.0,6.366022056504317,-0.04485705606191984,-0.5774164331452872,-1.4214168231996842,-0.3889231145275248
2024-02-18,0.2562651338928972,0.0,9.751245579607518,-0.045300979034819125,-0.3144336242071314,1.1354930953741067,-0.5194933582392591
2024-02-19,0.0,0.0,7.336826473082226,-0.04574490200771843,-0.09302304697267882,-0.7455036023684305,-0.4808248168220534
2024-02-20,2.0028315533798757,0.0,11.02314936287748,-0.046188824980617715,0.0830402736809761,2.343938639555407,-0.3779585348758896
2024-02-21,0.0,0.0,8.734013075414273,-0.04663274795351702,0.2113999977972807,-0.5921923666844807,-0.3094621149695697
2024-02-22,0.0,0.0,8.17524801555078,-0.047076670926416306,0.2911358552690478,-0.022373300000655537,-0.31919930634771676
2024-02-23,0.0,0.0,7.30749320197832,-0.04752059389931561,0.322741708735546,-0.6979456426690779,-0.37590722108767693
2024-02-24,0.0,0.0,7.299518584620154,-0.047964516872214896,0.30806564451193663,-1.4214168232013782,-0.3888849885815269
2024-02-25,1.0839778559346356,0.0,10.5539283273059,-0.0484084398451142,0.25021446945777115,1.1354930953729607,-0.2533212690509823
2024-02-26,0.0,0.0,8.107954422089739,-0.04885236281801349,0.15342594037545576,-0.7455036023681878,0.09348284914160923
2024-02-27,2.9463004542375395,0.0,11.112106276284003,-0.04929628579091279,0.022912896230098748,2.343938639558001,0.6287452042403525
2024-02-28,0.45591449005507007,0.0,8.709179289616461,-0.04974020876381208,-0.1353158204193258,-0.5921923666723667,1.2331628859105745
2024-02-29,1.3324106634668353,0.0,9.634425393586483,-0.05018413173671146,-0.31465219669430633,-0.02237330000342654,1.7196202919012797
2024-03-01,0.6370303800611792,0.0,9.311499467412261,-0.05062805470961076,-0.5080977724647969,-0.6979456426770854,1.8937018499126725
2024-03-02,0.0,0.0,8.293098653012656,-0.05107197768251005,-0.7084781501509957,-1.4214168232047495,1.6251908773973478
2024-03-03,1.079615291919004,0.0,9.679199002437361,-0.05151590065540935,-0.9086571255258651,1.135493095374742,0.9042952227255371
2024-03-04,0.0,0.0,6.5831554162470605,-0.05195982362830864,-1.1017443863496323,-0.7455036023668336,-0.13942310377304426
2024-03-05,3.6743098395133234,0.0,12.65344765810518,-0.05240374660120794,-1.2812910083358917,2.343938639553622,-1.264854045103199
2024-03-06,0.4673192279205648,0.0,9.283131357041027,-0.052847669574107234,-1.4414674206484677,-0.5921923666639637,-2.1868433151928968
2024-03-07,0.0,0.0,5.713086281378361,-0.05329159254700653,-1.577219101374236,-0.022373300003268898,-2.6619431129301305
2024-03-08,0.0,0.0,6.144296309632254,-0.053735515519905824,-1.6843959787301723,-0.6979456426747609,-2.56389692725471
2024-03-09,0.0,0.0,2.0191696296700936,-0.05417943849280512,-1.7598523341830121,-1.4214168231976638,-1.9232984525664514
2024-03-10,0.0,0.0,7.7939686638018415,-0.054623361465704415,-1.8015149043485494,1.1354930953710338,-0.9178805161177925
2024-03-11,0.0,0.0,6.339368175380664,-0.05506728443860371,-1.8084178328046583,-0.7455036023665907,0.18327013620936727
2024-03-12,1.6103281787089154,0.0,10.714565992108112,-0.055511207411503005,-1.7807041026078683,2.343938639556216,1.102604849172071
2024-03-13,0.0,0.0,8.33171466872205,-0.05595513038440221,-1.7195940568817414,-0.592192366670348,1.6362102664220317
2024-03-14,0.0020404319807969043,0.0,9.231469201788013,-0.05639905335730151,-1.627322560152869,-0.0223733000060399,1.7081353454970072
2024-03-15,0.0,0.0,7.908517312160075,-0.0568429763302008,-1.507047240300941,-0.6979456426827682,1.3803120454831004
2024-03-16,0.0,0.0,6.790721472964213,-0.0572868993031001,-1.3627310548821079,-1.4214168232081377,0.8173508641835546
2024-03-17,0.09994468795559248,0.0,8.009509300000536,-0.05773082227599939,-1.1990031241613441,1.135493095378304,0.221185539014632
2024-03-18,0.0,0.0,6.614279715101983,-0.05817474524889869,-1.0210023470573373,-0.7455036023690785,-0.23962724218894146
2024-03-19,0.97051859682507,0.0,9.341488273692159,-0.05861866822179798,-0.8342087505088136,2.343938639555324,-0.48059262399964214
2024-03-20,0.0,0.0,6.634232743985428,-0.059062591194697284,-0.6442678062996648,-0.5921923666767324,-0.515275404218821
2024-03-21,0.0,0.0,7.363836013330422,-0.05950651416759657,-0.4568130757123805,-0.022373299998974198,-0.43044269881317926
2024-03-22,0.0,0.0,7.748332016916266,-0.059950437140495874,-0.2772925097605388,-0.6979456426804438,-0.334979687712058
2024-03-23,0.0,0.0,7.136546529920164,-0.06039436011339516,-0.11080354388336607,-1.4214168232027293,-0.30475216620501033
2024-03-24,0.7663332713138477,0.0,9.848778472940392,-0.060838283086294465,0.03805821161096505,1.1354930953745956,-0.3463797525854186
2024-03-25,0.0,0.0,7.818561215703842,-0.06128220605919375,0.165332358873428,-0.7455036023688358,-0.3947455527145721
2024-03-26,2.2048134085342066,0.0,11.389123254805305,-0.061726129032093055,0.26780544749883445,2.343938639557918,-0.34520454949045243
2024-03-27,0.0,0.0,8.424212437752884,-0.06217005200499234,0.34309802603241896,-0.5921923666757232,-0.10722516856140912
2024-03-28,0.6476336995450495,0.0,9.478490107549586,-0.06261397497789165,0.38972475873492995,-0.022373300011581734,0.3428962157995928
2024-03-29,0.5791315822200181,0.0,9.09945254210998,-0.06305789795079093,0.4071261930676752,-0.6979456426779673,0.9330089297811015
