ds,yhat,yhat_lower,yhat_upper,trend,yearly,weekly,monthly,back_to_school
2024-09-30,0.0,0.0,0.49357505650549516,0.005540267575647259,-0.24762733036373155,-0.047091318727031616,0.14087029270408052,0.13954813383070752
2024-10-01,0.0,0.0,0.3928206777212044,0.005424849666955494,-0.19391476305655012,-0.04197433970357546,0.14008929915272914,0.0
2024-10-02,0.06874307286139333,0.0,0.6279040479468196,0.00530943175826373,-0.14315458286524882,0.09439524391908713,0.10993316690252643,0.0
2024-10-03,0.0,0.0,0.4132366038532635,0.005194013849571966,-0.09606804605291994,-0.03486700474864143,0.06242259439460863,0.0
2024-10-04,0.0,0.0,0.4284975306756375,0.0050785959408802,-0.053269070943006376,-0.030970534088840082,0.014776607521069478,0.0
2024-10-05,0.0,0.0,0.41585738598747474,0.004963178032188436,-0.015252990969305819,-0.034155016125454865,-0.016740674020965202,0.0
2024-10-06,0.09916459722211123,0.0,0.6416336894846109,0.004847760123496672,0.01761149566913597,0.09466296947497067,-0.02257179106770279,0.0
2024-10-07,0.0,0.0,0.4661271611063369,0.004732342214804907,0.04508702513812259,-0.047091318726681146,-0.003134324331910007,0.0
2024-10-08,0.0,0.0,0.5276134378867317,0.004616924306113143,0.06706885267772819,-0.04197433970358426,0.031562045836536934,0.0
2024-10-09,0.0060163109533999766,0.0,0.5153777126371235,0.004501505811964149,0.0835827518120356,0.09439524391900928,0.06577845891681154,0.0
2024-10-10,0.002208352267473226,0.0,0.5042620239180593,0.004386087317815155,0.09477964727703114,-0.0348670047487729,0.08394713820632929,0.0
2024-10-11,0.002539648430704733,0.0,0.5015323411006045,0.0042706688236661605,0.10092718686842317,-0.030970534088846487,0.07643047733401084,0.0
2024-10-12,0.12235347876281351,0.0,0.6822388141097295,0.004155250329517167,0.10239853675391886,-0.03415501612570097,0.04302902998761703,0.0
2024-10-13,0.21086486883156705,0.0,0.8450151605226917,0.004039831835368174,0.09965875534471207,0.09466296947487518,-0.007026684741635457,0.0
2024-10-14,0.0,0.0,0.5112501991569325,0.0039244133412191795,0.09324916072637911,-0.04709131872701082,-0.05855924983702786,0.0
2024-10-15,0.0,0.0,0.46639837036121745,0.0038089948470701853,0.08377015433530478,-0.04197433970397661,-0.09607730825214289,0.0
2024-10-16,0.06237302366207033,0.0,0.6205034573237729,0.0036939495702108666,0.07186299784506565,0.09439524391910468,-0.10944708380107467,0.0
2024-10-17,0.0,0.0,0.5051886223308739,0.0035789042933515483,0.058191060282859766,-0.03486700474874285,-0.09749149096969563,0.0
2024-10-18,0.0,0.0,0.5138221172433723,0.00346385901649223,0.043421057817641676,-0.03097053408883255,-0.06819026457079506,0.0
2024-10-19,0.0009588758895187548,0.0,0.5197894102088096,0.0033488137396329113,0.028204799470440762,-0.03415501612543157,-0.03542973407573171,0.0
2024-10-20,0.0019334058759023843,0.0,0.4871318679537776,0.0032337684627735935,0.0131619286118055,0.09466296947496942,-0.013541981736758829,0.0
2024-10-21,0.0,0.0,0.4772158339012311,0.0031187231859142748,-0.0011358866437904723,-0.04709131872700041,-0.011699886606501257,0.0
2024-10-22,0.0,0.0,0.42665599739563415,0.003003677909054956,-0.014178909969345581,-0.04197433970398541,-0.03028941480936422,0.0
2024-10-23,0.011172022366301488,0.0,0.523450630640526,0.0028886326321956378,-0.025531095684653907,0.0943952439189192,-0.06064270459360866,0.0
2024-10-24,0.0,0.0,0.31455277165379575,0.002773587310823482,-0.03483937375954988,-0.03486700474887432,-0.08825880537396417,0.0
2024-10-25,0.0,0.0,0.2623993812360504,0.002658541989451326,-0.04184025997267341,-0.030970534088838944,-0.09833029387559014,0.0
2024-10-26,0.0,0.0,0.3044225903661283,0.0025434966680791702,-0.04636366999476385,-0.03415501612544857,-0.08152040832412215,0.0
2024-10-27,0.010994272340186203,0.0,0.5216371334677077,0.002428451346707015,-0.04833389815034664,0.0946629694748739,-0.03782324799001015,0.0
2024-10-28,0.0,0.0,0.3979134601884437,0.002313406025334859,-0.04776780345643163,-0.047091318727330085,0.022966451351096186,0.0
2024-10-29,0.0,0.0,0.5107594481148092,0.002198360703962703,-0.04477032489550603,-0.04197433970399422,0.08440173355741105,0.0
2024-10-30,0.20441123280263804,0.0,0.8082184886180985,0.0020833153825905466,-0.03952752250715354,0.09439524391929546,0.12903980725901978,0.0
2024-10-31,0.08259907057849984,0.0,0.6096974576985417,0.001968270006654739,-0.03229740868710071,-0.03486700474848423,0.1445608403006192,0.0
2024-11-01,0.07853321609990419,0.0,0.6675499629961064,0.00185322463071893,-0.02339889319563256,-0.030970534088835173,0.12811818745020895,0.0
2024-11-02,0.04259048349449276,0.0,0.6226261815094176,0.0017381792547831224,-0.01319921420172561,-0.03415501612546557,0.08732451671572174,0.0
2024-11-03,0.1407528177744506,0.0,0.718044034831701,0.001623133878847314,-0.002100264930122239,0.0946629694750466,0.03750257250545636,0.0
2024-11-04,0.0,0.0,0.4250907124926953,0.0015080885029115057,0.009475749787077447,-0.047091318727319684,-0.003807240954415187,0.0
2024-11-05,0.0,0.0,0.4225179350777119,0.0013930431269756974,0.021100881103715243,-0.041974339704041984,-0.023089137451363304,0.0
2024-11-06,0.007997992680914027,0.0,0.5227183822607424,0.0012779977510398897,0.03235578354797175,0.09439524391911,-0.015580210554037046,0.0
2024-11-07,0.006330023624084485,0.0,0.5355683679127614,0.0011629523751040813,0.04284341250646193,-0.0348670047486157,0.013220025391897124,0.0
2024-11-08,0.006417641036615046,0.0,0.4655297669306802,0.0010479067073480863,0.05220166920967958,-0.030970534088839433,0.04978110552369882,0.0
2024-11-09,0.006266353220576778,0.0,0.5185501706567757,0.0009328610395920915,0.06011462923681906,-0.034155016125339374,0.07766654738914175,0.0
2024-11-10,0.006207795382732115,0.0,0.5464132309708032,0.0008178153718360969,0.06632203940880489,0.0946629694746829,0.08365162870198052,0.0
2024-11-11,0.0032991437489150854,0.0,0.5547433367272128,0.0007027697040801023,0.07062682545754913,-0.0470913187269402,0.06258358028983321,0.0
2024-11-12,0.0024834859155654114,0.0,0.46805191637488025,0.0005877240363241066,0.07290041724998958,-0.04197433970439538,0.01921353697392022,0.0
2024-11-13,0.14375028923923333,0.0,0.7562152109502775,0.00047267836856811193,0.07308576762230182,0.09439524391892451,-0.03364109941547104,0.0
2024-11-14,0.0,0.0,0.4410069985355072,0.00035763270081211725,0.07119801292861325,-0.03486700474858565,-0.07988575748887952,0.0
2024-11-15,0.0,0.0,0.3763546542033332,0.00024258722437232904,0.06732279605814592,-0.030970534088835672,-0.10608478495173576,0.0
2024-11-16,0.0,0.0,0.359944365134608,0.0001275417479325408,0.061612343759212526,-0.03415501612587188,-0.10632780467242686,0.0
2024-11-17,0.06687416564208329,0.0,0.5728021628789026,1.249627149275259e-05,0.054279457520724134,0.09466296947485557,-0.08422189075861153,0.0
2024-11-18,0.0,0.0,0.34941058838616196,-0.00010254920494703563,0.045589639027161746,-0.047091318726929815,-0.05128654806452243,0.0
2024-11-19,0.0022402571358510833,0.0,0.5415155056483933,-0.00021759468138682385,0.035851625537786,-0.04197433970405958,-0.02237582986471189,0.0
2024-11-20,0.002808567067863053,0.0,0.5422467650540304,-0.0003326401578266111,0.025406655886860873,0.09439524391901989,-0.00986381779501206,0.0
2024-11-21,0.0009115770096054503,0.0,0.5005919395505787,-0.0004476856342664003,0.014616822892469654,-0.03486700474887863,-0.018792566459836797,0.0
2024-11-22,0.0006375867027195817,0.0,0.49373331290219274,-0.0005627311107061865,0.0038528918405919843,-0.03097053408883189,-0.044823134573332785,0.0
2024-11-23,0.00012595857329141596,0.0,0.5564828115583413,-0.0006777770039678129,-0.0065180232332046,-0.03415501612560248,-0.07578329206384808,0.0
2024-11-24,0.0,0.0,0.5514143428773768,-0.0007928228972294402,-0.01614453375821557,0.09466296947502828,-0.09625871614190695,0.0
2024-11-25,0.0,0.0,0.24314526247154467,-0.0009078687904910656,-0.024702421619506535,-0.047091318726919414,-0.0935287049330504,0.0
2024-11-26,0.0,0.0,0.3230822678863529,-0.0010229146837526918,-0.03190509868741378,-0.04197433970406838,-0.06262965456238277,0.0
2024-11-27,0.04823726959276931,0.0,0.5791976543867128,-0.0011379605770143182,-0.03751275881729871,0.09439524391866118,-0.008634561967450164,0.0
2024-11-28,0.0,0.0,0.44037728501055634,-0.0012530064702759435,-0.04133994399162052,-0.03486700474884859,0.05474538411542415,0.0
2024-11-29,0.03476586997370941,0.0,0.5798504335259596,-0.0013680523635375699,-0.04326129817533819,-0.030970534088828112,0.10977507316932204,0.0
2024-11-30,0.06398025927740886,0.0,0.5876959422010437,-0.0014830982567991962,-0.043215340885027535,-0.034155016125619476,0.14087029270407805,0.0
2024-12-01,0.21160747405080838,0.0,0.8250667989121101,-0.0015981441308079848,-0.04120615560049883,0.09466296947493277,0.14008929915276966,0.0
2024-12-02,0.024111803886720885,0.0,0.5476594349600064,-0.0017131900048167744,-0.037302954030910704,-0.04709131872653994,0.10993316690262664,0.0
2024-12-03,0.0,0.0,0.44574053862511726,-0.0018282358788255632,-0.03163754385531759,-0.04197433970407718,0.06242259439470475,0.0
2024-12-04,0.08635578333383474,0.0,0.6742288346499139,-0.0019432817528343518,-0.024399792864577705,0.09439524391903745,0.014776607521035037,0.0
2024-12-05,0.0,0.0,0.37605334091193154,-0.0020583276268431416,-0.0158312444536782,-0.034867004748620006,-0.01674067402091811,0.0
2024-12-06,0.0,0.0,0.4129905686019726,-0.0021733735008519304,-0.006217096282250899,-0.030970534088834503,-0.022571791067670523,0.0
2024-12-07,0.004376506516356303,0.0,0.48592006963919065,-0.0022884193748607187,0.004123196066361847,-0.034155016125493286,-0.0031343243317951373,0.0
2024-12-08,0.004605103712207793,0.0,0.47285498682560106,-0.0024034649560665234,0.014846386930298227,0.09466296947529522,0.03156204583671091,0.0
2024-12-09,0.0019061077859486909,0.0,0.5062496041910851,-0.0025185105372723276,0.025596644323736022,-0.047091318726869606,0.0657784589168457,0.0
2024-12-10,0.0011930221999171776,0.0,0.472954225714955,-0.002633556118478131,0.03601713241224851,-0.041974339704085976,0.08394713820628803,0.0
2024-12-11,0.0018134231017503093,0.0,0.5306987266776906,-0.0027486016996839356,0.045761605042608164,0.09439524391885197,0.07643047733403527,0.0
2024-12-12,0.00046844974721443417,0.0,0.4974288162609196,-0.002863647280889739,0.05450564356170678,-0.03486700474858996,0.04302902998758353,0.0
2024-12-13,0.0012073633249939464,0.0,0.5468982325479961,-0.002978692862095543,0.061957184375140556,-0.03097053408883879,-0.007026684741638306,0.0
2024-12-14,0.0,0.0,0.45796732623311004,-0.003093738443301348,0.06786600480001032,-0.03415501612536709,-0.05855924983706789,0.0
2024-12-15,0.06973263799857896,0.0,0.632886157934754,-0.0032087840245071503,0.07203186902317929,0.09466296947493151,-0.09607730825212121,0.0
2024-12-16,0.0,0.0,0.3670016994597378,-0.0033238299411182276,0.07431107833065911,-0.047091318726519144,-0.10944708380109391,0.0
2024-12-17,0.0,0.0,0.42825819200911525,-0.0034388758577293065,0.07462121990514436,-0.041974339703750176,-0.09749149096975028,0.0
2024-12-18,0.10031337151316547,0.0,0.7043867549647569,-0.003553921774340384,0.07294396485278686,0.09439524391894737,-0.06819026457079402,0.0
2024-12-19,0.0,0.0,0.46141227025459103,-0.0036689676909514614,0.0693258269725831,-0.03486700474855992,-0.035429734075728345,0.0
2024-12-20,0.004485593586067454,0.0,0.5552361681085707,-0.003784013607562539,0.06387685726162143,-0.030970534088845182,-0.013541981736692235,0.0
2024-12-21,0.004851901807786052,0.0,0.46191836047814405,-0.0038990595241736167,0.05676731331724577,-0.034155016125240883,-0.011699886606503666,0.0
2024-12-22,0.004943967528547449,0.0,0.4881756903568583,-0.004014105440784695,0.04822240569275615,0.09466296947483599,-0.030289414809367213,0.0
2024-12-23,0.0018942100489539725,0.0,0.5230190936561943,-0.004129151149021689,0.038515282978794245,-0.04709131872684881,-0.060642704593606,0.0
2024-12-24,0.0007686705825246976,0.0,0.5210692821254375,-0.004244196857258688,0.027958472098953576,-0.04197433970414255,-0.08825880537391337,0.0
2024-12-25,0.0010756468518403107,0.0,0.52761101646726,-0.004359242565495683,0.01689403837571217,0.09439524391904276,-0.09833029387550268,0.0
2024-12-26,0.0,0.0,0.5292038694850754,-0.004474288273732679,0.005682769876954139,-0.034867004748852896,-0.08152040832409738,0.0
2024-12-27,0.0,0.0,0.3961720530763712,-0.004589333981969678,-0.005307278800253812,-0.030970534088831228,-0.037823247990142084,0.0
2024-12-28,0.0,0.0,0.4669142628567017,-0.004704379690206672,-0.015712527749781297,-0.03415501612525788,0.022966451351158927,0.0
2024-12-29,0.16074233541601024,0.0,0.7486081159732976,-0.004819425398443667,-0.025185532868513133,0.09466296947493023,0.08440173355739419,0.0
2024-12-30,0.0020848837798072535,0.0,0.45590867350411857,-0.004934471106680667,-0.033406203334792633,-0.047091318727178484,0.12903980725911313,0.0
2024-12-31,0.002799181689641984,0.0,0.49803376262651095,-0.005049516631568099,-0.0400922246009043,-0.041974339703806735,0.1445608403005849,0.0
2025-01-01,0.004523699412432709,0.0,0.5558301723458619,-0.005164562156455532,-0.04500835942877419,0.09439524391913814,0.12811818745019302,0.0
2025-01-02,0.003773221833450621,0.0,0.54882083138369,-0.005279607681342965,-0.04797433287655323,-0.03486700474882286,0.08732451671581992,0.0
2025-01-03,0.0,0.0,0.4053703793129912,-0.005394653206230398,-0.04887104951779078,-0.030970534088837626,0.0375025725055408,0.0
2025-01-04,0.0,0.0,0.4080255481109833,-0.005509698731117829,-0.04764494126894172,-0.034155016125647183,-0.0038072409543380096,0.0
2025-01-05,0.021874603669941196,0.0,0.49424184818221895,-0.005624744256005264,-0.04431030051028305,0.09466296947510294,-0.023089137451337803,0.0
2025-01-06,0.0,0.0,0.364486007803728,-0.005739789780892695,-0.03894951401334806,-0.047091318726828015,-0.015580210554040184,0.0
2025-01-07,0.0,0.0,0.4556825896703727,-0.005854835399564102,-0.03171117671682322,-0.041974339704160146,0.013220025391939855,0.0
2025-01-08,0.12232265798003927,0.0,0.6846847904203595,-0.005969881018235512,-0.022806128708268564,0.09439524391906029,0.04978110552373782,0.0
2025-01-09,0.02450861133003403,0.0,0.5373571260496572,-0.00608492663690692,-0.012501521944522368,-0.03486700474843277,0.0776665473891425,0.0
2025-01-10,0.04641290977918193,0.0,0.5639771894609629,-0.006199972255578327,-0.001113083385652661,-0.030970534088843996,0.08365162870196784,0.0
2025-01-11,0.03367224674805604,0.0,0.5416202237872885,-0.006315017874249735,0.011004203483075362,-0.03415501612566418,0.06258358028983452,0.0
2025-01-12,0.0,0.0,0.4995558905775762,-0.006430063492921143,0.0234667279646006,0.09466296947500744,0.019213536973916395,0.0
2025-01-13,0.0,0.0,0.5220236970498355,-0.006545109111592551,0.03587388068619891,-0.047091318727157674,-0.03364109941551252,0.0
2025-01-14,0.0,0.0,0.5184235915367015,-0.006660154730263956,0.04782033810373775,-0.04197433970382433,-0.0798857574888662,0.0
2025-01-15,0.0006665798360975634,0.0,0.48673279675074904,-0.006775200292920871,0.05890863822579698,0.0943952439191557,-0.1060847849517615,0.0
2025-01-16,0.0,0.0,0.5224568201261786,-0.006890245855577781,0.06876167211719969,-0.03486700474840272,-0.1063278046723817,0.0
2025-01-17,0.0,0.0,0.49421320622260606,-0.007005291418234692,0.07703471618346212,-0.03097053408883006,-0.08422189075861389,0.0
2025-01-18,0.0,0.0,0.48888891496286085,-0.007120336980891605,0.08342664181564766,-0.03415501612525158,-0.05128654806473073,0.0
2025-01-19,0.006606269519807435,0.0,0.5177761947103916,-0.007235382543548517,0.08768996135836403,0.09466296947491193,-0.02237582986476576,0.0
2025-01-20,0.0020001240870762063,0.0,0.5110493263263745,-0.007350428106205428,0.08963940190660372,-0.047091318726778214,-0.009863817795021795,0.0
2025-01-21,0.003622650769814734,0.0,0.5573995728115937,-0.007465473668862341,0.08915874018819964,-0.041974339703488545,-0.018792566459909267,0.0
2025-01-22,0.00472948656003743,0.0,0.5053279271016036,-0.0075805192315192525,0.08620568152723301,0.09439524391897021,-0.04482313457345555,0.0
2025-01-23,0.003598296234230592,0.0,0.44886200314522035,-0.007695565000276047,0.08081462215080416,-0.03486700474853419,-0.07578329206403824,0.0
2025-01-24,0.0044228274883286855,0.0,0.5365053779738318,-0.007810610769032843,0.07309719525107242,-0.030970534088836457,-0.09625871614188343,0.0
2025-01-25,0.005341882021571135,0.0,0.4888892495997893,-0.007925656537789639,0.06324056545001006,-0.03415501612578408,-0.09352870493300894,0.0
2025-01-26,0.006748875243977315,0.0,0.5335263064205575,-0.008040702306546433,0.05150350174965078,0.09466296947481642,-0.0626296545624894,0.0
2025-01-27,0.005648488856220299,0.0,0.569123043807672,-0.00815574807530323,0.03821032377841229,-0.04709131872710789,-0.008634561967505599,0.0
2025-01-28,0.006825342979368379,0.0,0.5588668423025269,-0.008270793844060025,0.02374287825416785,-0.041974339703841936,0.05474538411535265,0.0
2025-01-29,0.009401699632156531,0.0,0.582032593234133,-0.00838583961281682,0.008530760268136262,0.09439524391934648,0.10977507316936536,0.0
2025-01-30,0.009771272310096729,0.0,0.48587697051467016,-0.00850088541663783,-0.006959954436762926,-0.03486700474866566,0.14087029270406273,0.0
2025-01-31,0.01173815399097948,0.0,0.5367124519671196,-0.008615931220458835,-0.02223915607532094,-0.030970534088840724,0.14008929915276477,0.0
2025-02-01,0.01308414498096629,0.0,0.4737150795176298,-0.008730977024279843,-0.03680598115551514,-0.03415501612565789,0.10993316690260166,0.0
2025-02-02,0.013997477142918548,0.0,0.5513354780769122,-0.008846022828100852,-0.05016255625744227,0.09466296947498912,0.062422594394537935,0.0
2025-02-03,0.011440799640648118,0.0,0.5189749170332616,-0.00896106863192186,-0.06182782050100097,-0.04709131872709748,0.01477660752103775,0.0
2025-02-04,0.010382655582245288,0.0,0.478108763651432,-0.009076114435742865,-0.07135103854022448,-0.04197433970388971,-0.016740674020900185,0.0
2025-02-05,0.010205685501713604,0.0,0.5425911556362828,-0.009191160239563874,-0.0783246236670637,0.09439524391898776,-0.02257179106773153,0.0
2025-02-06,0.0,0.0,0.2967153062596946,-0.009306206043384882,-0.08239590927576251,-0.03486700474879713,-0.0031343243317538904,0.0
2025-02-07,0.0,0.0,0.3602531030103989,-0.00942125192724014,-0.0832775359708273,-0.030970534088847118,0.031562045836719385,0.0
2025-02-08,0.0,0.0,0.42228206819976855,-0.009536297811095402,-0.08075616014485675,-0.034155016125674884,0.06577845891685108,0.0
2025-02-09,0.09884488905666335,0.0,0.6761236563984536,-0.009651343694950661,-0.07469923678140714,0.09466296947462541,0.08394713820628254,0.0
2025-02-10,0.0,0.0,0.4822762497695589,-0.00976638957880592,-0.06505968317318171,-0.04709131872708708,0.07643047733404207,0.0
2025-02-11,0.0,0.0,0.3864899934511392,-0.009881435462661181,-0.051878289622341436,-0.0419743397042431,0.04302902998768969,0.0
2025-02-12,0.04298654072913606,0.0,0.61240761785025,-0.00999648134651644,-0.03528380627806657,0.09439524391908316,-0.007026684741546899,0.0
2025-02-13,0.0,0.0,0.37071414844275896,-0.0101115272303717,-0.015490700241058919,-0.034867004748767076,-0.0585592498370618,0.0
2025-02-14,0.0,0.0,0.31249846635813866,-0.010226573101013884,0.007205357954710399,-0.030970534088843326,-0.09607730825219524,0.0
2025-02-15,0.0,0.0,0.342878685917345,-0.010341618971656068,0.03243415625576562,-0.034155016125691884,-0.10944708380101738,0.0
2025-02-16,0.047571243496480474,0.0,0.5490865772255848,-0.010456664842298251,0.05975956972292037,0.09466296947498785,-0.09749149096975736,0.0
2025-02-17,0.0,0.0,0.4283342841264034,-0.010571710712940436,0.08868992013357412,-0.04709131872707669,-0.06819026457074302,0.0
2025-02-18,0.031071912928317312,0.0,0.533152244269703,-0.01068675658358262,0.11868978362345908,-0.04197433970390731,-0.03542973407568857,0.0
2025-02-19,0.2451355309726467,0.0,0.8727632670620042,-0.010801802454224803,0.14919292448288748,0.09439524391889768,-0.013541981736739815,0.0
2025-02-20,0.12990353733778937,0.0,0.6913835560883899,-0.010916848324866986,0.1796160035730387,-0.034867004749060064,-0.011699886606474492,0.0
2025-02-21,0.14692087010072452,0.0,0.6988129272747006,-0.01103189419550917,0.20937269028275904,-0.03097053408883745,-0.030289414809270006,0.0
2025-02-22,0.1410434345525834,0.0,0.6878713172985407,-0.011146940046096987,0.23788779801312185,-0.034155016125422495,-0.06064270459366126,0.0
2025-02-23,0.2966100998890292,0.0,0.9792318171497494,-0.011261985896684803,0.2646110650421033,0.09466296947489233,-0.08825880537389812,0.0
2025-02-24,0.14137259726310833,0.0,0.6914485761022462,-0.011377031747272622,0.28903021517758487,-0.047091318727406344,-0.09833029387561866,0.0
2025-02-25,0.19207576727362466,0.0,0.8342257748966422,-0.011492077597860438,0.3106829553980199,-0.0419743397039161,-0.0815204083241227,0.0
2025-02-26,0.4537297168825175,0.0,1.255686973318305,-0.011607123448448253,0.3291675999997058,0.09439524391871221,-0.0378232479899852,0.0
2025-02-27,0.3778569108230766,0.0,1.0759325548404202,-0.011722169299036071,0.34415205159669693,-0.03486700474850846,0.02296645135109076,0.0
2025-02-28,0.4873186004816093,0.0,1.2689297215632367,-0.011837215149623888,0.35538091742630046,-0.030970534088833677,0.08440173355732884,0.0
2025-03-01,0.5614472619641804,0.04958460610034616,1.3813421176307275,-0.01195226125860424,0.36268059333739194,-0.03415501612543949,0.12903980725903713,0.0
2025-03-02,0.8096233114389302,0.1720725594314939,1.7509012598013758,-0.012067307367584596,0.3659622059835723,0.09466296947506504,0.14456084030059227,0.0
2025-03-03,0.5435220948550181,0.012701916019422893,1.3301826429369457,-0.012182353476564947,0.36522236438557104,-0.047091318726686815,0.1281181874501764,0.0
2025-03-04,0.4822993704316352,0.0,1.276325816085234,-0.012297399585545295,0.3605417333876659,-0.04197433970430847,0.08732451671578836,0.0
2025-03-05,0.012658276535209474,0.0,0.5398443907234041,-0.01241244569452565,0.35208150182874415,0.09439524391908846,0.03750257250553695,0.0
2025-03-06,0.011973565507554929,0.0,0.4981274601837653,-0.012527491803506003,0.3400778757365803,-0.03486700474863992,-0.003807240954368304,0.0
2025-03-07,0.012713215054524482,0.0,0.5287017686644795,-0.012642537912486354,0.32483477989687576,-0.030970534088840065,-0.02308913745136661,0.0
2025-03-08,0.012893692071893175,0.0,0.5128568177406354,-0.012757584021466702,0.30671499824324033,-0.03415501612531329,-0.015580210554002516,0.0
2025-03-09,0.012869888506549078,0.0,0.5209590516840166,-0.012872629493602124,0.2861300233602478,0.09466296947523771,0.013220025391946428,0.0
2025-03-10,0.28818084924186244,0.0,0.9195886141925209,-0.01298767496573755,0.2635289168964257,-0.04709131872701648,0.049781105523869225,0.0
2025-03-11,0.2994953441378558,0.0,1.0050517122492026,-0.013102720437872972,0.23938650503561407,-0.04197433970431727,0.07766654738914322,0.0
2025-03-12,0.4608527674839641,0.0,1.1111906109845306,-0.013217765910008398,0.21419124581454835,0.094395243918903,0.08365162870198133,0.0
2025-03-13,0.22484814361475017,0.0,0.832998050382495,-0.01333281138214382,0.18843310775729374,-0.03486700474860988,0.06258358028980716,0.0
2025-03-14,0.14727198588826743,0.0,0.7451189342329789,-0.013447856854279246,0.1625917920690611,-0.030970534088836287,0.01921353697387826,0.0
2025-03-15,0.05735086497390514,0.0,0.6013396392449726,-0.013562902326414668,0.13712561383129,-0.03415501612570259,-0.03364109941538636,0.0
2025-03-16,0.12025977018807711,0.0,0.6673057451034257,-0.013677947798550095,0.11246133189404708,0.09466296947487403,-0.07988575748882444,0.0
2025-03-17,0.0,0.0,0.38948507430720714,-0.01379299292357285,0.08898518335269641,-0.047091318726666,-0.10608478495172907,0.0
2025-03-18,0.0,0.0,0.36577229996196453,-0.013908038048595608,0.0670353377463009,-0.04197433970398147,-0.10632780467239455,0.0
2025-03-19,0.043986136047270585,0.0,0.6067700527294029,-0.014023083173618367,0.04689593973712113,0.0943952439189984,-0.08422189075843774,0.0
2025-03-20,0.0,0.0,0.40120227127104235,-0.01413812829864112,0.028792858491404803,-0.0348670047483813,-0.0512865480645562,0.0
2025-03-21,0.0,0.0,0.4366081111610619,-0.01425317342366388,0.012891208872899776,-0.030970534088842677,-0.022375829864679328,0.0
2025-03-22,0.0,0.0,0.4488067570517967,-0.014368218548686638,-0.0007053444892446646,-0.03415501612557639,-0.009863817795022548,0.0
2025-03-23,0.05067582167760911,0.0,0.5475642814917021,-0.01448326367370939,-0.011953542526270261,0.09466296947504671,-0.018792566459863425,0.0
2025-03-24,0.0,0.0,0.32898963027013123,-0.014598308822768864,-0.020867839717715882,-0.04709131872699568,-0.04482313457338067,0.0
2025-03-25,0.0,0.0,0.29786752544449707,-0.014713353971828338,-0.027516205156023918,-0.04197433970399027,-0.07578329206390086,0.0
2025-03-26,0.0,0.0,0.45039253604594076,-0.014828399120887807,-0.032014599008074525,0.09439524391892054,-0.0962587161418581,0.0
2025-03-27,0.0,0.0,0.28700799158998747,-0.014943444269947282,-0.03452034214190753,-0.03486700474851277,-0.09352870493306532,0.0
2025-03-28,0.0,0.0,0.3311538690802761,-0.015058489419006756,-0.035224624678406403,-0.030970534088828737,-0.06262965456243288,0.0
2025-03-29,0.0,0.0,0.38465056657779473,-0.015173534568066221,-0.03434441900484159,-0.034155016125593386,-0.008634561967442143,0.0
2025-03-30,0.10738978385985792,0.0,0.6372098107876629,-0.015288579717125696,-0.03211407384787218,0.09466296947495122,0.054745384115463376,0.0
2025-03-31,0.0186755075190506,0.0,0.5548295652262163,-0.015403624866185175,-0.02877686813080973,-0.047091318726616205,0.10977507316935006,0.0
2025-04-01,0.060563622842321245,0.0,0.537579032967596,-0.015518669933093969,-0.024576796593600816,-0.04197433970365446,0.14087029270408274,0.0
2025-04-02,0.2203039709220353,0.0,0.8660155825803222,-0.015633715000002768,-0.019750843867506,0.09439524391901592,0.1400892991528053,0.0
2025-04-03,0.0458138871028847,0.0,0.6076422741895859,-0.015748760066911567,-0.014521980475434005,-0.03486700474864424,0.10993316690270186,0.0
2025-04-04,0.006516310622893965,0.0,0.5239931822645403,-0.015863805133820363,-0.009093083916949792,-0.030970534088835103,0.06242259439452872,0.0
2025-04-05,0.0,0.0,0.47675717170546994,-0.015978850200729165,-0.003641951657427163,-0.03415501612546719,0.014776607521003286,0.0
2025-04-06,0.0655710668683926,0.0,0.622768538228474,-0.016093895267637964,0.0016824682860387217,0.09466296947504546,-0.016740674020924544,0.0
2025-04-07,0.0,0.0,0.36923858337902765,-0.016208940334546753,0.006762547994032308,-0.0470913187266058,-0.02257179106769928,0.0
2025-04-08,0.0,0.0,0.4185816749756974,-0.016323985734949444,0.011513116805820463,-0.041974339704007865,-0.0031343243318635882,0.0
2025-04-09,0.13360127680381148,0.0,0.7030436549381327,-0.016439031135352132,0.01588127710020557,0.09439524391883045,0.0315620458365958,0.0
2025-04-10,0.03479395967443849,0.0,0.5671063385980237,-0.01655407653575482,0.01984495648901191,-0.03486700474861419,0.06577845891675353,0.0
2025-04-11,0.06153691673267844,0.0,0.6242330780249898,-0.01666912193615751,0.02341029726739659,-0.030970534088839402,0.08394713820633908,0.0
2025-04-12,0.053480365688729624,0.0,0.547597269533119,-0.0167841673365602,0.02660802299649835,-0.03415501612548419,0.07643047733397725,0.0
2025-04-13,0.16216162700691666,0.0,0.7597623515420482,-0.016899212736962887,0.029488955841276712,0.09466296947494995,0.04302902998754766,0.0
2025-04-14,0.0,0.0,0.44806799233836136,-0.017014258137365578,0.03211888568558144,-0.0470913187265954,-0.007026684741549746,0.0
2025-04-15,0.0,0.0,0.390241112935158,-0.01712930353776827,0.03457301221898449,-0.04197433970367206,-0.05855924983710184,0.0
2025-04-16,0.018166825345480572,0.0,0.5496437743896991,-0.017244348897444323,0.03693019351764543,0.09439524391903348,-0.09607730825208902,0.0
2025-04-17,0.0,0.0,0.3084757078768536,-0.017359394257120384,0.039267238748314864,-0.034867004748584146,-0.10944708380107479,0.0
2025-04-18,0.0,0.0,0.3474645594014592,-0.017474439616796445,0.04165347841020181,-0.030970534088835638,-0.097491490969812,0.0
2025-04-19,0.0,0.0,0.4141484102196009,-0.0175894849764725,0.044145833164862223,-0.03415501612521479,-0.06819026457087417,0.0
2025-04-20,0.09233028161900238,0.0,0.6006651499224651,-0.01770453033614856,0.046784582224246744,0.09466296947485443,-0.03542973407568521,0.0
2025-04-21,0.0,0.0,0.42173546880337903,-0.017819575695824614,0.049590005163428715,-0.047091318726925076,-0.013541981736721899,0.0
2025-04-22,0.0,0.0,0.5023332410497685,-0.017934621055500668,0.052560037807587834,-0.04197433970406443,-0.011699886606515643,0.0
2025-04-23,0.10707921282806165,0.0,0.6549262352822416,-0.018049666282402347,0.055669044643008904,0.09439524391884802,-0.030289414809406178,0.0
2025-04-24,0.0,0.0,0.4493672215510763,-0.01816471150930403,0.058867768294859645,-0.03486700474871561,-0.060642704593658614,0.0
2025-04-25,0.0,0.0,0.4256484489825096,-0.018279756736205712,0.062084472411082614,-0.03097053408883186,-0.0882588053738473,0.0
2025-04-26,0.0,0.0,0.3770123460086052,-0.018394801963107395,0.06522724928183819,-0.034155016125231794,-0.09833029387553122,0.0
2025-04-27,0.0648352934730723,0.0,0.5622379939546611,-0.01850984719000907,0.06818741922448676,0.09466296947494866,-0.08152040832409793,0.0
2025-04-28,0.0,0.0,0.5071226785154375,-0.018624892416910753,0.07084390667858415,-0.04709131872725475,-0.03782324798992393,0.0
2025-04-29,0.0004408758970890811,0.0,0.513972240845004,-0.018739937643812436,0.07306843952043164,-0.04197433970407322,0.022966451351066612,0.0
2025-04-30,0.006759937977566348,0.0,0.5456232999905484,-0.01885498287071412,0.0747313846471369,0.09439524391922426,0.08440173355731197,0.0
2025-05-01,0.003604459930666646,0.0,0.5514630932583671,-0.01897002779915235,0.07570800557106179,-0.03486700474884708,0.12903980725906944,0.0
2025-05-02,0.004582095803678072,0.0,0.5283979011456661,-0.019085072727590566,0.07588490757448356,-0.030970534088838233,0.1445608403005944,0.0
2025-05-03,0.008145356364393952,0.0,0.504305326780184,-0.019200117656028793,0.07516642366458298,-0.034155016125477895,0.12811818745025055,0.0
2025-05-04,0.009921628478820738,0.0,0.517909511997868,-0.019315162584467013,0.07348069063535319,0.09466296947512137,0.08732451671577525,0.0
2025-05-05,0.008340209931021523,0.0,0.4932551177193632,-0.01943020751290524,0.0707851692149202,-0.04709131872724435,0.03750257250537999,0.0
2025-05-06,0.008299916453137837,0.0,0.559212355311594,-0.01954525244134346,0.06707137551858995,-0.04197433970408203,-0.0038072409543581684,0.0
2025-05-07,0.12076828803679066,0.0,0.6781782293963001,-0.019660297369781688,0.062368612499625366,0.09439524391903878,-0.02308913745134111,0.0
2025-05-08,0.0,0.0,0.5308922404309904,-0.019775342298219905,0.05674651921487889,-0.03486700474845699,-0.015580210554005639,0.0
2025-05-09,0.012756068800338088,0.0,0.5444522606882494,-0.019890387455558375,0.05031629163239526,-0.03097053408884463,0.01322002539198916,0.0
2025-05-10,0.03961570154981082,0.0,0.5829960545888999,-0.020005432612896844,0.04323047033884921,-0.0341550161254949,0.04978110552375394,0.0
2025-05-11,0.20670110361628927,0.0,0.7707008449377761,-0.020120477770235314,0.03568123657724946,0.09466296947475768,0.0776665473890983,0.0
2025-05-12,0.045214360625505226,0.0,0.5722032056660773,-0.020235522927573784,0.027897207118543543,-0.04709131872723394,0.0836516287019733,0.0
2025-05-13,0.020606890975425278,0.0,0.5149409597511247,-0.020350568084912254,0.020138769010271864,-0.04197433970374623,0.06258358028988886,0.0
2025-05-14,0.11163867810922809,0.0,0.6802161606885515,-0.02046561324225073,0.012692045618632474,0.09439524391913419,0.019213536973874432,0.0
2025-05-15,0.0,0.0,0.37041392096944276,-0.020580658399589193,0.00586163397394008,-0.03486700474842695,-0.03364109941555349,0.0
2025-05-16,0.0,0.0,0.3658508526514029,-0.020695704168265713,-3.770137329897127e-05,-0.03097053408884086,-0.07988575748893949,0.0
2025-05-17,0.0,0.0,0.2573193852860411,-0.020810749936942232,-0.0046901524755169855,-0.0341550161253687,-0.10608478495175698,0.0
2025-05-18,0.0,0.0,0.4906921809833453,-0.020925795705618748,-0.007788550559044208,0.09466296947493037,-0.1063278046724243,0.0
2025-05-19,0.0,0.0,0.2520569572877541,-0.021040841474295267,-0.00904432097004917,-0.04709131872685447,-0.08422189075856429,0.0
2025-05-20,0.0,0.0,0.37846133022381173,-0.021155887242971787,-0.008197406349101155,-0.04197433970448319,-0.0512865480646809,0.0
2025-05-21,0.04678403051889964,0.0,0.5789366792868653,-0.0212709330116483,-0.005025845007720945,0.09439524391894871,-0.022375829864733174,0.0
2025-05-22,0.0,0.0,0.40001804371193034,-0.02138597878032482,0.0006453077393735732,-0.034867004748719926,-0.009863817795018081,0.0
2025-05-23,0.0,0.0,0.3869515789258101,-0.021501024549001335,0.008936016940744158,-0.03097053408883707,-0.018792566459866756,0.0
2025-05-24,0.0,0.0,0.362672781154464,-0.021616070491669283,0.019904545453204175,-0.03415501612575799,-0.044823134573381725,0.0
2025-05-25,0.031166601700342796,0.0,0.5452065897346821,-0.021731116434337235,0.03354222334152039,0.09466296947483485,-0.07578329206396178,0.0
2025-05-26,0.0,0.0,0.3368899396136585,-0.021846162377005186,0.04976992309948822,-0.047091318727184146,-0.09625871614192351,0.0
2025-05-27,0.0,0.0,0.38486079678211993,-0.021961208319673135,0.06843640906259009,-0.0419743397041474,-0.09352870493302387,0.0
2025-05-28,0.10407514618982366,0.0,0.7022278054517836,-0.02207625426234109,0.08931867764503741,0.0943952439190441,-0.06262965456237635,0.0
2025-05-29,0.04752630178545237,0.0,0.6676243666903112,-0.02219130020500904,0.11212434852327434,-0.03486700474868988,-0.008634561967590777,0.0
2025-05-30,0.1479349254225386,0.0,0.6854227336594327,-0.022306346147676993,0.13649610723989994,-0.030970534088831173,0.054745384115313066,0.0
2025-05-31,0.240130732974451,0.0,0.837616582550365,-0.022421391830751366,0.16201813866470835,-0.0341550161256318,0.10977507316939338,0.0
2025-06-01,0.49364770869552654,0.0,1.220492489622468,-0.022536437513825742,0.18822443015322862,0.09466296947500753,0.14087029270406742,0.0
2025-06-02,0.3297025387600795,0.0,1.018757214540177,-0.022651483196900107,0.21460876492246195,-0.04709131872683367,0.14008929915280038,0.0
2025-06-03,0.0077502638783400486,0.0,0.5283586776217046,-0.022766528879974483,0.24063617191487013,-0.04197433970450079,0.10993316690267689,0.0
2025-06-04,0.01117448484970695,0.0,0.5284186744765691,-0.022881574563048856,0.2657555499522709,0.09439524391896624,0.06242259439462484,0.0
2025-06-05,0.00501771240070285,0.0,0.512279431672054,-0.022996620246123225,0.2894131428380956,-0.03486700474882135,0.01477660752110456,0.0
2025-06-06,0.004861191049467435,0.0,0.5088586346996029,-0.023111665929197597,0.31106650961348237,-0.030970534088837567,-0.016740674020877443,0.0
2025-06-07,0.006010600033086623,0.0,0.5346042668084545,-0.023226711612271973,0.33019861152134156,-0.0341550161256488,-0.02257179106765829,0.0
2025-06-08,0.5136417668912243,0.0,1.31215468064235,-0.02334175702676301,0.3463316252231979,0.09466296947491204,-0.003134324331710058,0.0
2025-06-09,0.3772021528105846,0.0,1.0111431325686273,-0.02345680244125405,0.3590400909921277,-0.047091318727163343,0.031562045836637756,0.0
2025-06-10,0.4451242246956064,0.0,1.1751672148010304,-0.02357184785574509,0.3679630151599039,-0.04197433970416499,0.06577845891678769,0.0
2025-06-11,0.6946395388741955,0.0946003478989742,1.5334656984960766,-0.023686893270236126,0.3728145679304886,0.09439524391906164,0.08394713820629783,0.0
2025-06-12,0.478687077402285,0.0,1.2169843355434864,-0.02380193868472717,0.373393050297375,-0.03486700474879131,0.07643047733402866,0.0
2025-06-13,0.43007852915278943,0.0,1.2093736044483245,-0.02391698409921821,0.36958784645587484,-0.0309705340888338,0.043029029987653816,0.0
2025-06-14,0.34469927311385273,0.0,0.9953836924306325,-0.024032029513709245,0.3613841296717207,-0.034155016125379405,-0.0070266847414583375,0.0
2025-06-15,0.43450779918470556,0.0,1.1626161010469103,-0.024147075044916547,0.3488651486978536,0.0946629694750063,-0.05855924983714185,0.0
2025-06-16,0.17913514211817338,0.0,0.7868740828725729,-0.02426212057612384,0.33221198689912995,-0.047091318726443794,-0.09607730825212074,0.0
2025-06-17,0.1455698122565762,0.0,0.6489343056703194,-0.024377166107331136,0.31170075545622966,-0.0419743397038292,-0.10944708380103643,0.0
2025-06-18,0.2970711934843591,0.0,0.9524824035731556,-0.024492211638538437,0.2876972534072563,0.09439524391887616,-0.09749149096971457,0.0
2025-06-19,0.14223249044106578,0.0,0.6757952092608768,-0.02460725716974574,0.26064919882551013,-0.03486700474892278,-0.068190264570691,0.0
2025-06-20,0.0,0.0,0.5097324624184685,-0.024722302700953033,0.23107620504199786,-0.03097053408884824,-0.03542973407564544,0.0
2025-06-21,0.0,0.0,0.5284377915256087,-0.024837348232160338,0.199557741470017,-0.03415501612539641,-0.013541981736769486,0.0
2025-06-22,0.0002691021726512164,0.0,0.4846285293338912,-0.024952393763367636,0.16671937832319086,0.09466296947491076,-0.011699886606486474,0.0
2025-06-23,0.0,0.0,0.5299145677102624,-0.02506743903654243,0.13321766654126876,-0.047091318726773475,-0.03028941480940916,0.0
2025-06-24,0.0,0.0,0.5086519701365868,-0.02518248430971723,0.09972404695748383,-0.041974339703837994,-0.06064270459371388,0.0
2025-06-25,0.0,0.0,0.4627167521353775,-0.02529752958289203,0.06690821480230438,0.09439524391925243,-0.08825880537383206,0.0
2025-06-26,0.0,0.0,0.4511781972050238,-0.025412574856066822,0.03542138600395718,-0.03486700474853269,-0.09833029387559224,0.0
2025-06-27,0.0,0.0,0.5224940885108162,-0.025527620129241625,0.005879919686426262,-0.03097053408883431,-0.08152040832404824,0.0
2025-06-28,0.0,0.0,0.30730466248002547,-0.025642665402416425,-0.021150253589690273,-0.034155016125413405,-0.03782324799005585,0.0
2025-06-29,0.04781154284678973,0.0,0.5614929923344796,-0.025757710675591218,-0.045167965950192415,0.09466296947508347,0.02296645135112935,0.0
2025-06-30,0.0,0.0,0.43683870702713085,-0.025872755948766018,-0.06574950688756966,-0.04709131872676307,0.08440173355736441,0.0
2025-07-01,0.0,0.0,0.43421046109746686,-0.025987801221940814,-0.08255931848134995,-0.04197433970388576,0.1290398072591156,0.0
2025-07-02,0.12467584252909078,0.0,0.7528106608192244,-0.02610284649511561,-0.09535838356260949,0.09439524391906695,0.14456084030060173,0.0
2025-07-03,0.0,0.0,0.454879574767263,-0.026217891768290414,-0.10401006088834153,-0.03486700474882566,0.12811818745023462,0.0
2025-07-04,0.0,0.0,0.49697548520950147,-0.02633293704146521,-0.1084831906218494,-0.030970534088840682,0.08732451671574369,0.0
2025-07-05,0.0,0.0,0.5620803989686625,-0.026447982314640007,-0.10885236830934192,-0.03415501612528721,0.03750257250549684,0.0
2025-07-06,0.00035164763294505055,0.0,0.5012172373381225,-0.026563027587814807,-0.10529536401638452,0.09466296947471976,-0.003807240954321429,0.0
2025-07-07,0.0,0.0,0.47613949816623563,-0.026678072860989603,-0.09808774313236564,-0.04709131872675267,-0.02308913745136988,0.0
2025-07-08,0.0,0.0,0.48098457952269374,-0.0267931181341644,-0.08759482429584524,-0.04197433970423915,-0.015580210554053673,0.0
2025-07-09,0.0064667398765474084,0.0,0.5220758037806101,-0.0269081634073392,-0.07426118568065312,0.09439524391888147,0.013220025391995741,0.0
2025-07-10,0.0,0.0,0.3786158835666757,-0.027023208680514,-0.05859800131970884,-0.03486700474879562,0.049781105523792946,0.0
2025-07-11,0.0,0.0,0.43716961358017853,-0.027138253953688796,-0.04116855216535791,-0.030970534088836918,0.07766654738917184,0.0
2025-07-12,0.0,0.0,0.49852731649119736,-0.027253299226863592,-0.02257231034841266,-0.034155016125819705,0.08365162870198214,0.0
2025-07-13,0.13479289997348556,0.0,0.70594341635338,-0.027368344500038392,-0.003428037964406506,0.09466296947508221,0.06258358028989017,0.0
2025-07-14,0.0,0.0,0.4695948288552757,-0.027483389773213185,0.015643627600430855,-0.04709131872674228,0.019213536973962685,0.0
2025-07-15,0.0,0.0,0.44182817414123277,-0.027598435046387988,0.03403761228776044,-0.04197433970390335,-0.033641099415469354,0.0
2025-07-16,0.038707737867983906,0.0,0.5696040185369595,-0.027713480319562788,0.051181374682953314,0.09439524391897687,-0.07988575748884776,0.0
2025-07-17,0.0,0.0,0.37915329009651866,-0.02782852559273758,0.06655092304045158,-0.03486700474840553,-0.1060847849517267,0.0
2025-07-18,0.0,0.0,0.36804412386281116,-0.02794357086591238,0.07968542110554498,-0.03097053408883315,-0.10632780467243717,0.0
2025-07-19,0.0,0.0,0.40998212987304716,-0.028058616139087177,0.09019996111651059,-0.03415501612555031,-0.08422189075851236,0.0
2025-07-20,0.11963069233456185,0.0,0.705137139975978,-0.028173661412261974,0.09779613194632895,0.09466296947471851,-0.05128654806463399,0.0
2025-07-21,0.004524420000360565,0.0,0.5475926962904694,-0.028288706685436777,0.10227007085724206,-0.04709131872707195,-0.02237582986473055,0.0
2025-07-22,0.023548844218049654,0.0,0.5269870859355075,-0.028403751958611573,0.10351775717186153,-0.04197433970391216,-0.00986381779501885,0.0
2025-07-23,0.1602334833357094,0.0,0.7396176328079633,-0.02851879723178637,0.10153738337516474,0.09439524391861814,-0.01879256645989007,0.0
2025-07-24,0.0,0.0,0.4654153389536566,-0.02863384250496117,0.09642872161888119,-0.03486700474837549,-0.04482313457342854,0.0
2025-07-25,0.0,0.0,0.417106685480279,-0.028748887778135963,0.08838948898550661,-0.03097053408882936,-0.07578329206395365,0.0
2025-07-26,0.0,0.0,0.3861075748401646,-0.028863933051310763,0.07770880078325325,-0.0341550161255673,-0.09625871614198711,0.0
2025-07-27,0.037602923266685774,0.0,0.5691582448238484,-0.028978978324485566,0.06475788513359894,0.09466296947489118,-0.09352870493298242,0.0
2025-07-28,0.0,0.0,0.4160505225982926,-0.02909402359766036,0.04997831178443633,-0.04709131872669247,-0.06262965456241971,0.0
2025-07-29,0.0,0.0,0.47072976249748216,-0.02920906887083516,0.033868061133707,-0.04197433970392095,-0.008634561967527323,0.0
2025-07-30,0.14657855437381703,0.0,0.7719259233617166,-0.02932411414400996,0.016965823758326514,0.09439524391927527,0.05474538411524157,0.0
2025-07-31,0.04634473238902802,0.0,0.5937523527365107,-0.02943915941718475,-0.00016602558400560276,-0.03486700474866847,0.10977507316928418,0.0
2025-08-01,0.03406235620864359,0.0,0.5965439532111898,-0.02955420469035955,-0.016959294063603633,-0.030970534088835752,0.14087029270406495,-0.02989117978228363
2025-08-02,0.018466193181035272,0.0,0.6183725804966449,-0.029669249963534355,-0.03285816363735465,-0.03415501612544112,0.14008929915273827,-0.02510910604560991
2025-08-03,0.1131532810144296,0.0,0.6539994534772315,-0.029784295236709148,-0.04733718372600567,0.09466296947506389,0.10993316690253617,-0.020277875812797743
2025-08-04,0.0,0.0,0.35583241675644145,-0.029899340509883948,-0.05991853808149465,-0.047091318727022144,0.062422594394484186,-0.015404431943266657
2025-08-05,0.0,0.0,0.46951563885611425,-0.030014385783058747,-0.07018807644710884,-0.041974339703929754,0.014776607521070111,-0.01049579165898978
2025-08-06,0.0005263463269596158,0.0,0.519106141189916,-0.03012943105623354,-0.07780963242526684,0.0943952439190898,-0.016740674020901788,-0.005559032701567297
2025-08-07,0.0,0.0,0.4915885339698662,-0.03024447632940834,-0.08253719358019734,-0.034867004748638415,-0.02257179106767703,-0.0006012793752137566
2025-08-08,0.0,0.0,0.5520644794278255,-0.03035952160258314,-0.08422454705464623,-0.030970534088840027,-0.0031343243318197474,0.004370311492252777
2025-08-09,0.0,0.0,0.4869063272833533,-0.030474566875757936,-0.08283209233537547,-0.03415501612531491,0.03156204583651419,0.009348564638280673
2025-08-10,0.06795705206427394,0.0,0.6137947041257117,-0.03058961214893273,-0.07843059040816201,0.0946629694747002,0.0657784589167931,0.014326300472058705
2025-08-11,0.0,0.0,0.4345176548524295,-0.030704657422107536,-0.07120170326974988,-0.04709131872667167,0.08394713820631859,0.019296349166209197
2025-08-12,0.0,0.0,0.4053592893939577,-0.03081970269528233,-0.06143526727568644,-0.04197433970359395,0.07643047733400847,0.02425156470154023
2025-08-13,0.08997093327679671,0.0,0.6046531514999904,-0.030934747968457126,-0.0495233356040621,0.09439524391901197,0.04302902998762031,0.02918483883284088
2025-08-14,0.0,0.0,0.39934867186825057,-0.031049793241631925,-0.03595111664718658,-0.03486700474860838,-0.007026684741631491,0.03408911494384222
2025-08-15,0.0,0.0,0.35144450409668654,-0.031164838514806725,-0.02128502382379926,-0.03097053408884643,-0.058559249837135764,0.038957401759718076
2025-08-16,0.0,0.0,0.3138488219591014,-0.03127988378798152,-0.006158135635675065,-0.03415501612570421,-0.09607730825209909,0.04378278688624385
2025-08-17,0.01118809010503701,0.0,0.5025101380245307,-0.031394929061156325,0.008746559602153986,0.09466296947487286,-0.10944708380109383,0.048558450144748855
2025-08-18,0.0,0.0,0.3449677877568575,-0.03150997433433112,0.022714694206882352,-0.047091318727001334,-0.09749149096966471,0.05327767667278396
2025-08-19,0.0,0.0,0.45776313770636506,-0.03162501960750592,0.035020332663388325,-0.04197433970398632,-0.06819026457068997,0.05793386976100536
2025-08-20,0.14418493681593614,0.0,0.7218130562197287,-0.03174006488068072,0.04494652958824185,0.09439524391882649,-0.03542973407564206,0.06252056339749339
2025-08-21,0.039327023909872846,0.0,0.5819927075453111,-0.03185511015385551,0.05180607345240321,-0.03486700474890135,-0.013541981736768396,0.06703143449140432
2025-08-22,0.053145692876808155,0.0,0.5867687616052175,-0.03197015542703031,0.054961844761759665,-0.030970534088832477,-0.011699886606496028,0.07146031474863757
2025-08-23,0.033672291489569545,0.0,0.5789211631991209,-0.03208520070020512,0.05384622251882958,-0.03415501612557801,-0.030289414809344974,0.07580120217333612
2025-08-24,0.13865448006468428,0.0,0.738958100571941,-0.03220024597337991,0.04797899360388427,0.09466296947496713,-0.06064270459357953,0.08004827216974403
2025-08-25,0.0,0.0,0.4498523178254574,-0.0323152912465547,0.03698325573420544,-0.047091318727331015,-0.08825880537389576,0.08419588822000225
2025-08-26,0.0,0.0,0.41423070532658884,-0.0324303365197295,0.020598854947466407,-0.04197433970399512,-0.09833029387555975,0.08823861211468113
2025-08-27,0.07378912278686288,0.0,0.6141922555552415,-0.0325453817929043,-0.0013070382061284318,0.09439524391892187,-0.08152040832407356,0.09217121371389828
2025-08-28,0.0,0.0,0.46783592527036005,-0.0326604270660791,-0.028732535081285634,-0.03486700474887131,-0.03782324798999458,0.0959886802178816
2025-08-29,0.0,0.0,0.520818075164363,-0.032775472339253896,-0.06153705554337886,-0.030970534088838875,0.022966451351105213,0.09968622492749052
2025-08-30,0.02140034568349048,0.0,0.537861000740903,-0.0328905176124287,-0.0994409216233101,-0.034155016125451805,0.08440173355734755,0.10325929547604838
2025-08-31,0.16809267406573,0.0,0.7447946549174611,-0.03300556288560349,-0.1420285698712898,0.09466296947513982,0.1290398072590868,0.1067035815154726
2025-09-01,0.0,0.0,0.44594355304257766,-0.033120608158778285,-0.18875533694949861,-0.047091318726980545,0.1445608403006273,0.11001502184086588
2025-09-02,0.0,0.0,0.42371927356206746,-0.03323565343195309,-0.23895767667709278,-0.041974339704348516,0.12811818745030948,0.11318981093928032
2025-09-03,0.0,0.0,0.4899369017265422,-0.03335069870512789,-0.2918665738276729,0.09439524391901725,0.08732451671573059,0.11622440494973313
2025-09-04,0.0,0.0,0.1802903259079149,-0.03346574397830269,-0.34662383306017136,-0.03486700474848122,0.03750257250546061,0.11911552702291266
2025-09-05,0.0,0.0,0.08777055823364581,-0.03358078925147749,-0.4023008428274097,-0.030970534088845255,-0.0038072409543783194,0.1218601720708062
2025-09-06,0.0,0.0,0.0,-0.03369583452465228,-0.45791934612888474,-0.03415501612546881,-0.023089137451332942,0.12445561089763696
2025-09-07,0.0,0.0,0.07724771359144093,-0.03381087979782708,-0.5124736944395254,0.09466296947504431,-0.015580210553971116,0.12689939370527611
2025-09-08,0.0,0.0,0.0,-0.033925925071001874,-0.564954019591135,-0.047091318727310226,0.013220025391874078,0.12918935296773137
2025-09-09,0.0,0.0,0.0,-0.03404097034417668,-0.6143697319779806,-0.04197433970439628,0.04978110552367764,0.131323605670893
2025-09-10,0.0,0.0,0.023555672897634182,-0.03415601561735147,-0.6597727429215646,0.09439524391911265,0.07766654738912693,0.13330055491532236
2025-09-11,0.0,0.0,0.0,-0.03427106089052627,-0.7002798146801636,-0.03486700474845118,0.08365162870196946,0.13511889088127832
2025-09-12,0.0,0.0,0.0,-0.034386106163701066,-0.7350934632785795,-0.03097053408883937,0.06258358028986281,0.13677759115697966
2025-09-13,0.0,0.0,0.0,-0.03450115143687586,-0.7635208764606022,-0.03415501612519942,0.01921353697392455,0.1382759204324256
2025-09-14,0.0,0.0,0.0,-0.03461619671005066,-0.7849903606400009,0.0946629694749488,-0.03364109941546881,0.13961342956276135
2025-09-15,0.0,0.0,0.0,-0.03473124198322547,-0.7990648953148584,-0.04709131872693074,-0.07988575748888439,0.14078995400668537
2025-09-16,0.0,0.0,0.0,-0.034846287256400266,-0.8054524492546162,-0.04197433970440509,-0.10608478495175026,0.14180561164687075
2025-09-17,0.0,0.0,0.0,-0.03496133252957506,-0.8040127977928053,0.09439524391892719,-0.106327804672392,0.14266080000092615
2025-09-18,0.0,0.0,0.0,-0.03507637780274986,-0.7947606724276993,-0.03486700474858264,-0.0842218907585147,0.1433561928327787
2025-09-19,0.0,0.0,0.0,-0.035191423075924655,-0.7778651701439958,-0.03097053408884574,-0.05128654806450347,0.14389273617597154
2025-09-20,0.0,0.0,0.0,-0.03530646834909945,-0.7536454477844848,-0.034155016125731914,-0.0223758298647279,0.14427164378153234
2025-09-21,0.0,0.0,0.0,-0.035421513622274255,-0.7225628237646635,0.09466296947485331,-0.009863817795014381,0.1444943920046641
2025-09-22,0.0,0.0,0.0,-0.03553655889544905,-0.6852095027856864,-0.04709131872726041,-0.0187925664598934,0.14456271414569194
2025-09-23,0.0,0.0,0.0,-0.03565160416862385,-0.64229422645226,-0.04197433970406928,-0.044823134573429624,0.14447859426200155
2025-09-24,0.0,0.0,0.0,-0.03576664944179864,-0.5946252314658648,0.09439524391930346,-0.07578329206388534,0.14424426046899205
2025-09-25,0.0,0.0,0.0,-0.03588169471497344,-0.5430909652554036,-0.034867004748714105,-0.09625871614187465,0.14386217774919693
2025-09-26,0.0,0.0,0.0,-0.03599673998814824,-0.48863906469122914,-0.03097053408883181,-0.09352870493302302,0.14333504028988725
2025-09-27,0.0,0.0,0.0,-0.03611178526132305,-0.43225414546141233,-0.03415501612560571,-0.06262965456236319,0.14266576337055978
2025-09-28,0.0,0.0,0.26576287004588117,-0.03622683053449785,-0.3749349766886689,0.09466296947502598,-0.008634561967438208,0.14185747482266778
2025-09-29,0.0,0.0,0.21364151593703357,-0.03634187580767265,-0.31767162677415095,-0.047091318726909935,0.054745384115352284,0.14091350608499184
2025-09-30,0.0,0.0,0.39971959011074,-0.036456921080847436,-0.26142316205790556,-0.04197433970373348,0.10977507316942138,0.13983738287887967
2025-10-01,0.0,0.0,0.48452254790771576,-0.03657196635402223,-0.20709645989504735,0.09439524391894472,0.14087029270408497,0.0
2025-10-02,0.0,0.0,0.3582586017372627,-0.036687011627197036,-0.15552666280041316,-0.03486700474884558,0.14008929915277882,0.0
2025-10-03,0.0,0.0,0.39997921844313633,-0.03680205690037183,-0.10745975149156144,-0.030970534088838184,0.10993316690263638,0.0
2025-10-04,0.0,0.0,0.3901464174237761,-0.03691710217354663,-0.06353765336932475,-0.03415501612562272,0.06242259439458029,0.0
2025-10-05,0.04929782097798266,0.0,0.5893696462725047,-0.03703214744672143,-0.024286231013033305,0.09466296947466228,0.014776607521171376,0.0
2025-10-06,0.0,0.0,0.3998771301455634,-0.03714719271989622,0.009893585329431447,-0.04709131872653047,-0.01674067402088386,0.0
2025-10-07,0.0,0.0,0.4487221133190309,-0.03726223799307102,0.038731344203570287,-0.04197433970408688,-0.02257179106768704,0.0
2025-10-08,0.0556525686484606,0.0,0.5817637193463878,-0.03737728326624582,0.06208921213798045,0.09439524391904013,-0.0031343243318171696,0.0
2025-10-09,0.0,0.0,0.23800019052427987,-0.037492328539420625,0.07996071152490329,-0.034867004748455485,0.03156204583655613,0.0
2025-10-10,0.0,0.0,0.3807950847854492,-0.03760737381259542,0.0924661541435384,-0.030970534088834413,0.06577845891682726,0.0
2025-10-11,0.0,0.0,0.4209735034305923,-0.037722419085770224,0.09984495456650033,-0.03415501612563972,0.08394713820631312,0.0
2025-10-12,0.2657958709590993,0.0,0.9351857365370073,-0.037837464358945014,0.10244508890258043,0.09466296947502473,0.07643047733405989,0.0
2025-10-13,0.06045200696185874,0.0,0.6111432870523505,-0.03795250963211981,0.10071003726514101,-0.047091318726520066,0.04302902998772648,0.0
2025-10-14,0.008127885085827067,0.0,0.506731330388591,-0.03806755490529461,0.0951636110773517,-0.041974339703751085,-0.007026684741634341,0.0
2025-10-15,0.08767948180175356,0.0,0.6444538626377609,-0.03818260017846941,0.0863931171970131,0.09439524391885463,-0.05855924983717578,0.0
2025-10-16,0.0,0.0,0.356802974513513,-0.038297645451644206,0.07503134856577459,-0.03486700474858696,-0.0960773082521308,0.0
2025-10-17,0.0,0.0,0.4182492605704506,-0.038412690724819,0.061737914749135446,-0.030970534088838698,-0.10944708380105547,0.0
2025-10-18,0.0,0.0,0.3970664752998828,-0.0385277359979938,0.04718043483321655,-0.03415501612537032,-0.09749149096977629,0.0
2025-10-19,0.06060084948235608,0.0,0.5880158097943842,-0.038642781271168596,0.032016109579927676,0.09466296947492922,-0.06819026457082113,0.0
2025-10-20,0.0,0.0,0.25064145538371696,-0.03875782654434339,0.016874169844558595,-0.04709131872684973,-0.035429734075749626,0.0
2025-10-21,0.0,0.0,0.45066145218260795,-0.0388728718175182,0.0023396647475503116,-0.041974339703759876,-0.01354198173670181,0.0
2025-10-22,0.033185189243945916,0.0,0.5628595208580585,-0.038987917090693,-0.01106099292402897,0.09439524391866917,-0.011699886606530053,0.0
2025-10-23,0.0,0.0,0.3496744422110568,-0.039102962363867795,-0.022872363691243475,-0.03486700474855691,-0.030289414809448124,0.0
2025-10-24,0.0,0.0,0.2816301565718101,-0.03921800763704259,-0.03271990672599064,-0.030970534088834926,-0.06064270459363477,0.0
2025-10-25,0.0,0.0,0.1926556063293692,-0.03933305291021739,-0.04031727325812805,-0.03415501612538732,-0.0882588053738805,0.0
2025-10-26,0.0,0.0,0.3577541497411918,-0.039448098183392184,-0.045470826575315364,0.09466296947483371,-0.0983302938755658,0.0
2025-10-27,0.0,0.0,0.200236892878048,-0.03956314345656699,-0.048081328793778744,-0.047091318726839346,-0.08152040832404879,0.0
2025-10-28,0.0,0.0,0.30126774302110987,-0.039678188729741784,-0.04814281668011907,-0.04197433970415225,-0.037823247990126506,0.0
2025-10-29,0.03234167456254837,0.0,0.5305456225025151,-0.03979323400291658,-0.04573876900021559,0.09439524391904544,0.022966451351037052,0.0
2025-10-30,0.0,0.0,0.4707291466847753,-0.03990827927609137,-0.04103574388295969,-0.03486700474884989,0.08440173355739997,0.0
2025-10-31,0.02405600165422399,0.0,0.5473928287833714,-0.04002332454926617,-0.034274734383590445,-0.030970534088841324,0.1290398072590719,0.0
2025-11-01,0.0455121933075772,0.0,0.5490634538696064,-0.04013836982244097,-0.025760551877650462,-0.03415501612526112,0.14456084030059296,0.0
2025-11-02,0.1813739710827252,0.0,0.8010707500803615,-0.04025341509561578,-0.015849598445725675,0.09466296947492794,0.1281181874502021,0.0
2025-11-03,0.0,0.0,0.4644817417401429,-0.040368460368790576,-0.0049364296496306375,-0.04709131872716901,0.08732451671569905,0.0
2025-11-04,0.0,0.0,0.41973999870920176,-0.04048350564196537,0.006560462971514379,-0.04197433970416105,0.037502572505577446,0.0
2025-11-05,0.07058224796797229,0.0,0.5811378397123517,-0.04059855091514016,0.01821320540412841,0.09439524391885995,-0.003807240954341564,0.0
2025-11-06,0.0,0.0,0.2625793415824267,-0.040713596188314966,0.02959898467573331,-0.034867004748819846,-0.023089137451361725,0.0
2025-11-07,0.0,0.0,0.3771336692094888,-0.04082864146148976,0.040313947822096234,-0.030970534088837536,-0.015580210553974263,0.0
2025-11-08,0.0,0.0,0.44237964143554653,-0.04094368673466456,0.049986145814473804,-0.03415501612565042,0.013220025391916806,0.0
2025-11-09,0.06541060612454057,0.0,0.5796955859995887,-0.04105873200783936,0.05828714779775109,0.09466296947483245,0.049781105523716666,0.0
2025-11-10,0.0,0.0,0.2802577690718892,-0.04117377728101416,0.06494199741680627,-0.04709131872681853,0.07766654738912766,0.0
2025-11-11,0.0,0.0,0.4911642677234063,-0.04128882255418895,0.06973723851973083,-0.04197433970382525,0.08365162870198763,0.0
2025-11-12,0.15010682040548534,0.0,0.7129199478314117,-0.04140386782736375,0.07252680038398393,0.09439524391906295,0.06258358028994451,0.0
2025-11-13,0.01619292707147893,0.0,0.5783448972051985,-0.04151891310053855,0.07323560085461289,-0.034867004748429756,0.019213536973920725,0.0
2025-11-14,0.0,0.0,0.4913591806109773,-0.04163395837371335,0.07186079734598493,-0.030970534088843926,-0.03364109941563595,0.0
2025-11-15,0.0,0.0,0.41884135112975895,-0.041749003646888154,0.06847068836166531,-0.03415501612552422,-0.07988575748887107,0.0
2025-11-16,0.009964796673665718,0.0,0.5216420048635277,-0.04186404892006295,0.06320133986422338,0.09466296947473696,-0.10608478495172,0.0
2025-11-17,0.0,0.0,0.35412902973265065,-0.04197909419323774,0.05625107934489375,-0.04709131872714821,-0.10632780467240485,0.0
2025-11-18,0.0,0.0,0.34886682902792676,-0.04209413946641254,0.04787306380154775,-0.041974339703834046,-0.08422189075846277,0.0
2025-11-19,0.04004678247456793,0.0,0.5929672621425388,-0.04220918473958734,0.038366184175530824,0.09439524391887749,-0.051286548064628165,0.0
2025-11-20,0.0,0.0,0.4156868270659325,-0.042324230012762136,0.028064616527642583,-0.03486700474856123,-0.022375829864781763,0.0
2025-11-21,0.0,0.0,0.42177428274890116,-0.04243927528593694,0.017326367985070677,-0.03097053408882998,-0.009863817795024116,0.0
2025-11-22,0.0,0.0,0.3333202567454924,-0.04255432055911173,0.006521192247388675,-0.03415501612539802,-0.018792566459778403,0.0
2025-11-23,0.003193822977934621,0.0,0.5153732194489491,-0.042669365832286525,-0.003981735510229562,0.09466296947490964,-0.044823134573476434,0.0
2025-11-24,0.0,0.0,0.26139312621213867,-0.04278441110546132,-0.013825991495895442,-0.04709131872676873,-0.07578329206400644,0.0
2025-11-25,0.0,0.0,0.29411439355602786,-0.04289945637863613,-0.02267954010264242,-0.04197433970349825,-0.09625871614194005,0.0
2025-11-26,0.0,0.0,0.2574781622538744,-0.04301450165181093,-0.03024547150503657,0.09439524391897289,-0.09352870493299732,0.0
