SET search_path TO billing_db;

-- Insert packages: TRIAL, STARTER, PRO
INSERT INTO packages (id, code, version, name, description, display_order, status) VALUES
  ('a0000001-0000-0000-0000-000000000001', 'TRIAL',   1, 'Trial',   '14-day free trial',    0, 'ACTIVE'),
  ('a0000001-0000-0000-0000-000000000002', 'STARTER', 1, 'Starter', 'For small shops',       1, 'ACTIVE'),
  ('a0000001-0000-0000-0000-000000000003', 'PRO',     1, 'Pro',     'For growing shops',     2, 'ACTIVE');

-- Plans (MONTHLY per package)
INSERT INTO plans (id, package_id, billing_cycle, price_vnd, trial_days, status) VALUES
  ('b0000001-0000-0000-0000-000000000001', 'a0000001-0000-0000-0000-000000000001', 'TRIAL',   0,       14, 'ACTIVE'),
  ('b0000001-0000-0000-0000-000000000002', 'a0000001-0000-0000-0000-000000000002', 'MONTHLY', 299000,   0, 'ACTIVE'),
  ('b0000001-0000-0000-0000-000000000003', 'a0000001-0000-0000-0000-000000000002', 'YEARLY',  2990000,  0, 'ACTIVE'),
  ('b0000001-0000-0000-0000-000000000004', 'a0000001-0000-0000-0000-000000000003', 'MONTHLY', 799000,   0, 'ACTIVE'),
  ('b0000001-0000-0000-0000-000000000005', 'a0000001-0000-0000-0000-000000000003', 'YEARLY',  7990000,  0, 'ACTIVE');

-- Features
INSERT INTO features (id, code, name, category) VALUES
  ('c0000001-0000-0000-0000-000000000001', 'DEMAND_FORECAST',       'AI Demand Forecasting',         'AI'),
  ('c0000001-0000-0000-0000-000000000002', 'INVENTORY_RECOMMEND',   'Inventory Recommendations',     'AI'),
  ('c0000001-0000-0000-0000-000000000003', 'SALES_ANALYTICS',       'Sales Analytics',               'ANALYTICS'),
  ('c0000001-0000-0000-0000-000000000004', 'MULTI_LOCATION',        'Multi-Location Support',        'CATALOG'),
  ('c0000001-0000-0000-0000-000000000005', 'EXPORT_REPORTS',        'Export Reports',                'ANALYTICS'),
  ('c0000001-0000-0000-0000-000000000006', 'API_ACCESS',            'API Access',                    'INTEGRATION'),
  ('c0000001-0000-0000-0000-000000000007', 'PRIORITY_SUPPORT',      'Priority Support',              'SUPPORT'),
  ('c0000001-0000-0000-0000-000000000008', 'KIOTVIET_INTEGRATION',  'KiotViet Integration',          'INTEGRATION'),
  ('c0000001-0000-0000-0000-000000000009', 'SAPO_INTEGRATION',      'Sapo Integration',              'INTEGRATION');

-- Package features (TRIAL=basic, STARTER=more, PRO=all)
-- TRIAL package features
INSERT INTO package_features (package_id, feature_id) VALUES
  ('a0000001-0000-0000-0000-000000000001', 'c0000001-0000-0000-0000-000000000001'),
  ('a0000001-0000-0000-0000-000000000001', 'c0000001-0000-0000-0000-000000000002'),
  ('a0000001-0000-0000-0000-000000000001', 'c0000001-0000-0000-0000-000000000003');

-- STARTER package features
INSERT INTO package_features (package_id, feature_id) VALUES
  ('a0000001-0000-0000-0000-000000000002', 'c0000001-0000-0000-0000-000000000001'),
  ('a0000001-0000-0000-0000-000000000002', 'c0000001-0000-0000-0000-000000000002'),
  ('a0000001-0000-0000-0000-000000000002', 'c0000001-0000-0000-0000-000000000003'),
  ('a0000001-0000-0000-0000-000000000002', 'c0000001-0000-0000-0000-000000000004'),
  ('a0000001-0000-0000-0000-000000000002', 'c0000001-0000-0000-0000-000000000005'),
  ('a0000001-0000-0000-0000-000000000002', 'c0000001-0000-0000-0000-000000000008');

-- PRO package features (all)
INSERT INTO package_features (package_id, feature_id)
SELECT 'a0000001-0000-0000-0000-000000000003', id FROM features;

-- Plan limits per package
INSERT INTO plan_limits (package_id, max_api_calls_per_day, max_storage_gb, max_users, api_rate_limit_per_minute) VALUES
  ('a0000001-0000-0000-0000-000000000001',  500,  1,   3,  30),   -- TRIAL
  ('a0000001-0000-0000-0000-000000000002', 1000,  5,  10,  60),   -- STARTER
  ('a0000001-0000-0000-0000-000000000003',   -1, 50,  -1, 300);   -- PRO (-1 = unlimited)
